{"consum":2.8557187166667,"pic":2.23184,"data":[[1417994076000,67],[1417994086000,165],[1417994092000,177],[1417994110000,165],[1417994140000,153],[1417995150000,153],[1417995160000,67],[1417996516000,50],[1417996564000,62],[1417996570000,50],[1417996678000,38],[1417996690000,52],[1417996720000,64],[1417996738000,52],[1417996812000,52],[1417996822000,168],[1417996840000,213],[1417996852000,182],[1417997170000,170],[1417997250000,170],[1417997260000,146],[1417997904000,146],[1417997914000,45],[1417999554000,45],[1417999564000,177],[1417999588000,163],[1417999612000,151],[1418000392000,139],[1418000634000,139],[1418000644000,45],[1418010637000,45],[1418010647000,170],[1418010676000,151],[1418010887000,139],[1418011687000,139],[1418011697000,38],[1418013409000,38],[1418013419000,160],[1418013461000,148],[1418013881000,136],[1418014459000,136],[1418014469000,38],[1418016187000,38],[1418016197000,163],[1418016227000,151],[1418016365000,139],[1418017249000,139],[1418017259000,38],[1418018965000,38],[1418018975000,180],[1418018981000,163],[1418019011000,151],[1418019113000,139],[1418020027000,139],[1418020037000,38],[1418021749000,38],[1418021759000,158],[1418021801000,146],[1418022593000,134],[1418022799000,134],[1418022809000,38],[1418024539000,38],[1418024549000,165],[1418024585000,153],[1418024663000,141],[1418025287000,156],[1418025395000,139],[1418025577000,139],[1418025587000,38],[1418025685000,38],[1418025695000,1433],[1418025719000,45],[1418025731000,69],[1418025743000,1542],[1418025749000,1554],[1418025755000,1565],[1418025761000,1485],[1418025773000,33],[1418026025000,45],[1418026115000,33],[1418027323000,33],[1418027333000,165],[1418027369000,148],[1418027933000,136],[1418028367000,136],[1418028377000,33],[1418028751000,33],[1418028761000,60],[1418028811000,60],[1418028821000,33],[1418028869000,48],[1418028887000,33],[1418028911000,67],[1418029007000,79],[1418029063000,79],[1418029073000,38],[1418029115000,518],[1418029121000,100],[1418029127000,290],[1418029133000,489],[1418029139000,561],[1418029151000,112],[1418029157000,518],[1418029163000,482],[1418029175000,638],[1418029181000,487],[1418029187000,523],[1418029193000,117],[1418029205000,503],[1418029211000,537],[1418029217000,117],[1418029223000,643],[1418029235000,616],[1418029241000,110],[1418029253000,724],[1418029277000,688],[1418029289000,655],[1418029295000,122],[1418029301000,775],[1418029307000,691],[1418029313000,110],[1418029319000,667],[1418029337000,405],[1418029343000,112],[1418029349000,810],[1418029355000,728],[1418029361000,110],[1418029367000,657],[1418029373000,844],[1418029379000,110],[1418029391000,784],[1418029397000,110],[1418029409000,801],[1418029415000,112],[1418029445000,561],[1418029457000,110],[1418029469000,857],[1418029475000,115],[1418029487000,745],[1418029493000,110],[1418029505000,865],[1418029517000,110],[1418029523000,784],[1418029529000,112],[1418029573000,112],[1418029583000,720],[1418029589000,117],[1418029601000,707],[1418029607000,110],[1418029619000,1084],[1418029625000,115],[1418029631000,127],[1418029637000,703],[1418029649000,127],[1418029667000,115],[1418029697000,705],[1418029703000,117],[1418029715000,590],[1418029721000,112],[1418029765000,112],[1418029775000,771],[1418029781000,112],[1418029897000,112],[1418029907000,728],[1418029913000,115],[1418029925000,446],[1418029931000,112],[1418029943000,984],[1418029949000,117],[1418029993000,117],[1418030003000,780],[1418030009000,122],[1418030021000,715],[1418030027000,120],[1418030057000,1065],[1418030063000,127],[1418030075000,139],[1418030099000,703],[1418030105000,115],[1418030117000,999],[1418030123000,225],[1418030135000,878],[1418030141000,213],[1418030185000,213],[1418030195000,999],[1418030201000,208],[1418030231000,544],[1418030237000,199],[1418030249000,1059],[1418030261000,199],[1418030273000,975],[1418030285000,242],[1418030291000,917],[1418030303000,230],[1418030309000,1054],[1418030321000,230],[1418030327000,728],[1418030333000,206],[1418030377000,206],[1418030387000,1014],[1418030393000,206],[1418030405000,1110],[1418030411000,208],[1418030423000,1325],[1418030441000,984],[1418030447000,199],[1418030491000,199],[1418030501000,1089],[1418030507000,201],[1418030537000,1054],[1418030543000,196],[1418030555000,1074],[1418030567000,199],[1418030591000,508],[1418030597000,237],[1418030615000,848],[1418030627000,240],[1418030633000,857],[1418030639000,228],[1418030651000,844],[1418030657000,228],[1418030663000,865],[1418030669000,208],[1418030675000,194],[1418030699000,206],[1418030723000,1089],[1418030729000,196],[1418030741000,938],[1418030747000,211],[1418030789000,199],[1418030837000,1134],[1418030843000,194],[1418030855000,1039],[1418030868000,201],[1418030891000,395],[1418030897000,196],[1418030933000,1084],[1418030951000,1029],[1418030957000,196],[1418030969000,1200],[1418030975000,232],[1418031019000,232],[1418031029000,947],[1418031047000,857],[1418031059000,407],[1418031065000,383],[1418031071000,223],[1418031083000,439],[1418031095000,585],[1418031101000,448],[1418031113000,530],[1418031119000,494],[1418031131000,602],[1418031137000,669],[1418031144000,503],[1418031149000,420],[1418031155000,460],[1418031162000,482],[1418031167000,460],[1418031173000,472],[1418031191000,429],[1418031197000,441],[1418031247000,441],[1418031257000,103],[1418031301000,103],[1418031311000,362],[1418031317000,115],[1418031407000,103],[1418031793000,103],[1418031803000,141],[1418031882000,156],[1418031965000,143],[1418032001000,156],[1418032038000,143],[1418032044000,108],[1418032097000,122],[1418032116000,110],[1418032122000,98],[1418032128000,112],[1418032338000,98],[1418032343000,110],[1418032656000,96],[1418032668000,110],[1418032697000,122],[1418032740000,134],[1418032752000,122],[1418032770000,156],[1418032818000,132],[1418032830000,108],[1418032904000,108],[1418032914000,172],[1418032926000,120],[1418032932000,259],[1418032938000,223],[1418032956000,211],[1418032973000,158],[1418032992000,146],[1418033838000,134],[1418033936000,134],[1418033946000,33],[1418035760000,33],[1418035770000,158],[1418035800000,146],[1418036664000,134],[1418036756000,134],[1418036766000,184],[1418038286000,184],[1418038296000,40],[1418038658000,40],[1418038668000,230],[1418038674000,206],[1418038692000,194],[1418038800000,182],[1418038866000,170],[1418038998000,158],[1418039598000,146],[1418041350000,134],[1418041484000,134],[1418041494000,33],[1418042460000,50],[1418042478000,38],[1418042564000,38],[1418042574000,136],[1418042592000,148],[1418042954000,148],[1418042964000,268],[1418042970000,242],[1418043018000,230],[1418043114000,249],[1418043126000,230],[1418043210000,218],[1418043300000,232],[1418043324000,218],[1418043366000,252],[1418043372000,223],[1418043390000,235],[1418043402000,218],[1418043570000,232],[1418043588000,220],[1418043708000,232],[1418043756000,220],[1418043810000,235],[1418043822000,223],[1418043864000,249],[1418043882000,228],[1418043900000,240],[1418043912000,216],[1418043918000,228],[1418043936000,216],[1418044022000,216],[1418044032000,237],[1418044038000,213],[1418044106000,213],[1418044116000,168],[1418044122000,156],[1418044152000,143],[1418044176000,192],[1418044182000,158],[1418044188000,189],[1418044194000,156],[1418044230000,180],[1418044236000,151],[1418044266000,36],[1418044346000,36],[1418044356000,62],[1418044368000,100],[1418044488000,88],[1418044494000,105],[1418044632000,88],[1418044638000,105],[1418045274000,93],[1418045744000,93],[1418045754000,201],[1418045802000,187],[1418046150000,175],[1418046842000,175],[1418046852000,96],[1418046900000,76],[1418046906000,91],[1418046978000,110],[1418046990000,93],[1418047616000,93],[1418047626000,141],[1418047668000,153],[1418047704000,139],[1418047746000,151],[1418047764000,139],[1418047974000,156],[1418047980000,141],[1418047998000,153],[1418048004000,139],[1418048226000,158],[1418048244000,146],[1418048274000,158],[1418048280000,146],[1418048394000,158],[1418048400000,139],[1418048406000,156],[1418048412000,139],[1418048418000,