{"consum":4.9189429305556,"pic":2.37398,"data":[[1418858308000,36],[1418858318000,175],[1418858336000,163],[1418858420000,151],[1418859340000,151],[1418859350000,33],[1418861068000,33],[1418861078000,168],[1418861126000,151],[1418861864000,139],[1418862106000,139],[1418862116000,28],[1418863846000,28],[1418863856000,165],[1418863898000,151],[1418864498000,139],[1418864884000,139],[1418864894000,28],[1418866630000,28],[1418866640000,163],[1418866682000,151],[1418867186000,139],[1418867668000,139],[1418867678000,28],[1418869420000,28],[1418869430000,165],[1418869466000,153],[1418869682000,141],[1418870452000,141],[1418870462000,28],[1418872222000,28],[1418872232000,163],[1418872286000,151],[1418872832000,139],[1418873248000,139],[1418873258000,28],[1418875018000,28],[1418875028000,163],[1418875076000,151],[1418875622000,139],[1418876044000,139],[1418876054000,28],[1418877814000,28],[1418877824000,165],[1418877860000,153],[1418878046000,141],[1418878841000,141],[1418878851000,28],[1418880623000,28],[1418880633000,165],[1418880663000,153],[1418880825000,141],[1418881649000,141],[1418881659000,28],[1418883431000,28],[1418883441000,163],[1418883477000,151],[1418884071000,139],[1418884451000,139],[1418884461000,28],[1418885739000,48],[1418885871000,33],[1418885939000,33],[1418885949000,103],[1418885973000,91],[1418886239000,91],[1418886249000,211],[1418886279000,199],[1418886327000,184],[1418886345000,170],[1418886351000,151],[1418886381000,163],[1418886839000,163],[1418886849000,2231],[1418886855000,2128],[1418886873000,2115],[1418886891000,2102],[1418886921000,2115],[1418886927000,2102],[1418886945000,2063],[1418886963000,2171],[1418886975000,2063],[1418886981000,2171],[1418887005000,2102],[1418887011000,2115],[1418887029000,2102],[1418887047000,2171],[1418887053000,2063],[1418887059000,2089],[1418887065000,2115],[1418887089000,2171],[1418887113000,2115],[1418887131000,2171],[1418887137000,2063],[1418887149000,2171],[1418887155000,2076],[1418887161000,2115],[1418887173000,2128],[1418887179000,2115],[1418887185000,2089],[1418887197000,2063],[1418887209000,2171],[1418887215000,2063],[1418887233000,2102],[1418887239000,163],[1418887295000,163],[1418887305000,38],[1418889053000,38],[1418889063000,163],[1418889129000,148],[1418889353000,148],[1418889363000,2160],[1418889381000,2148],[1418889411000,2160],[1418889417000,2171],[1418889423000,2063],[1418889429000,2076],[1418889447000,2171],[1418889453000,2148],[1418889483000,2137],[1418889489000,2171],[1418889495000,2076],[1418889525000,2089],[1418889555000,2148],[1418889599000,2148],[1418889609000,2063],[1418889615000,2160],[1418889621000,2148],[1418889627000,2160],[1418889639000,2148],[1418889645000,2076],[1418889651000,2089],[1418889669000,2076],[1418889675000,2160],[1418889681000,2148],[1418889729000,2160],[1418889735000,2076],[1418889753000,2148],[1418889783000,2089],[1418889801000,2148],[1418889819000,2137],[1418889825000,2076],[1418889855000,2148],[1418889885000,2137],[1418889945000,2148],[1418889951000,2137],[1418889995000,2137],[1418890005000,2171],[1418890017000,2076],[1418890035000,2089],[1418890047000,2076],[1418890053000,2063],[1418890059000,2137],[1418890095000,1988],[1418890143000,1977],[1418890161000,2011],[1418890185000,1988],[1418890227000,1999],[1418890245000,2011],[1418890257000,2057],[1418890269000,2034],[1418890275000,1988],[1418890287000,1999],[1418890305000,2034],[1418890317000,2045],[1418890341000,2022],[1418890347000,1999],[1418890353000,1988],[1418890383000,1999],[1418890389000,2034],[1418890395000,2045],[1418890407000,2011],[1418890413000,1988],[1418890437000,2034],[1418890455000,1988],[1418890517000,1988],[1418890527000,2034],[1418890533000,2045],[1418890551000,1988],[1418890581000,2045],[1418890605000,1988],[1418890641000,2045],[1418890659000,1977],[1418890683000,1999],[1418890695000,2068],[1418890701000,2057],[1418890707000,2011],[1418890713000,2022],[1418890719000,2011],[1418890743000,2068],[1418890755000,2079],[1418890761000,2068],[1418890767000,2057],[1418890773000,2011],[1418890797000,2022],[1418890803000,2068],[1418890815000,2034],[1418890821000,2011],[1418890863000,2057],[1418890881000,2045],[1418890887000,2034],[1418890893000,2011],[1418890899000,1999],[1418890917000,2034],[1418890923000,2045],[1418890941000,2011],[1418890947000,1999],[1418891007000,2011],[1418891013000,1999],[1418891043000,2034],[1418891049000,2057],[1418891055000,2068],[1418891061000,2057],[1418891073000,2045],[1418891079000,2034],[1418891091000,1988],[1418891103000,1999],[1418891163000,2011],[1418891169000,1999],[1418891193000,2057],[1418891217000,2022],[1418891223000,1999],[1418891253000,2011],[1418891259000,1999],[1418891265000,2022],[1418891283000,2045],[1418891289000,2057],[1418891325000,2011],[1418891343000,1999],[1418891427000,2011],[1418891439000,2057],[1418891481000,1999],[1418891493000,2045],[1418891505000,2057],[1418891517000,2022],[1418891523000,1999],[1418891565000,2022],[1418891571000,2034],[1418891577000,2045],[1418891583000,2034],[1418891595000,1988],[1418891613000,1999],[1418891631000,1988],[1418891643000,2045],[1418891649000,2034],[1418891661000,2057],[1418891733000,2045],[1418891739000,2011],[1418891745000,1999],[1418891769000,2045],[1418891781000,2057],[1418891835000,2045],[1418891841000,2011],[1418891847000,1999],[1418891865000,2171],[1418891871000,2063],[1418891877000,2171],[1418891901000,2160],[1418891919000,2089],[1418891925000,2102],[1418891937000,2089],[1418891943000,2160],[1418891967000,2148],[1418891991000,2076],[1418891997000,2089],[1418892009000,2102],[1418892021000,2089],[1418892033000,2063],[1418892045000,2160],[1418892063000,2148],[1418892111000,2076],[1418892123000,2089],[1418892147000,2102],[1418892159000,2076],[1418892165000,2171],[1418892171000,2148],[1418892189000,2063],[1418892195000,2089],[1418892207000,2102],[1418892213000,2089],[1418892219000,2102],[1418892237000,2089],[1418892243000,2076],[1418892255000,2160],[1418892267000,2148],[1418892273000,2160],[1418892291000,2076],[1418892303000,2089],[1418892315000,2102],[1418892339000,2089],[1418892345000,2076],[1418892351000,2063],[1418892357000,2148],[1418892375000,2160],[1418892387000,2148],[1418892437000,2148],[1418892447000,2089],[1418892453000,2102],[1418892459000,2089],[1418892471000,2148],[1418892477000,2137],[1418892489000,2148],[1418892495000,2137],[1418892507000,2148],[1418892519000,2076],[1418892531000,2089],[1418892537000,2102],[1418892543000,2089],[1418892579000,2102],[1418892591000,2171],[1418892597000,2148],[1418892627000,2137],[1418892645000,2148],[1418892651000,2076],[1418892669000,2089],[1418892687000,2148],[1418892699000,2137],[1418892705000,2148],[1418892729000,2160],[1418892735000,2063],[1418892741000,2089],[1418892753000,2102],[1418892759000,2089],[1418892765000,2063],[1418892771000,2137],[1418892801000,2171],[1418892807000,2076],[1418892825000,2089],[1418892831000,2160],[1418892837000,2137],[1418892843000,2148],[1418892873000,2137],[1418892891000,1999],[1418892927000,2057],[1418892933000,2068],[1418892939000,2057],[1418892945000,2022],[1418892951000,1999],[1418892975000,2011],[1418892981000,2057],[1418892987000,2068],[1418893005000,2057],[1418893011000,2068],[1418893023000,2057],[1418893029000,2022],[1418893035000,1999],[1418893083000,2034],[1418893089000,2045],[1418893095000,2057],[1418893107000,2068],[1418893119000,2045],[1418893125000,1999],[1418893149000,2068],[1418893167000,2022],[1418893185000,2045],[1418893191000,2034],[1418893197000,2045],[1418893203000,2079],[1418893215000,2102],[1418893221000,2114],[1418893227000,2091],[1418893233000,2057],[1418893257000,2102],[1418893269000,2114],[1418893275000,2091],[1418893281000,2057],[1418893311000,2114],[1418893317000,2102],[1418893323000,2079],[1418893329000,2057],[1418893359000,2102],[1418893365000,2114],[1418893383000,2125],[1418893395000,2114],[1418893401000,2102],[1418893407000,2079],[1418893413000,2057],[1418893425000,105],[1418893587000,120],[1418893635000,108],[1418894057000,108],[1418894067000,134],[1418894123000,134],[1418894133000,105],