{"consum":3.8688006277778,"pic":2.45637,"data":[[1417907168000,96],[1417907178000,74],[1417907184000,52],[1417907232000,64],[1417907268000,52],[1417907274000,33],[1417907310000,48],[1417907454000,33],[1417907558000,33],[1417907568000,168],[1417907604000,153],[1417908656000,153],[1417908666000,36],[1417910324000,36],[1417910334000,168],[1417910376000,156],[1417910910000,143],[1417911398000,143],[1417911408000,184],[1417912928000,184],[1417912938000,36],[1417913324000,36],[1417913334000,240],[1417913352000,199],[1417913466000,184],[1417913532000,172],[1417913694000,160],[1417914462000,148],[1417916352000,129],[1417916358000,28],[1417917776000,28],[1417917786000,578],[1417917792000,165],[1417917828000,153],[1417918188000,141],[1417918976000,141],[1417918986000,28],[1417920554000,28],[1417920564000,160],[1417920624000,148],[1417921664000,148],[1417921674000,28],[1417923284000,28],[1417923294000,165],[1417923331000,153],[1417923607000,141],[1417924359000,141],[1417924369000,28],[1417926003000,28],[1417926013000,165],[1417926061000,148],[1417927059000,148],[1417927069000,28],[1417928721000,28],[1417928731000,165],[1417928767000,153],[1417929031000,141],[1417929771000,141],[1417929781000,28],[1417931439000,28],[1417931449000,172],[1417931467000,160],[1417931503000,148],[1417932495000,148],[1417932505000,28],[1417934193000,28],[1417934203000,170],[1417934221000,158],[1417934257000,146],[1417935231000,146],[1417935241000,28],[1417936923000,28],[1417936933000,182],[1417936939000,165],[1417936981000,151],[1417937539000,139],[1417937985000,139],[1417937995000,28],[1417939695000,28],[1417939705000,163],[1417939747000,151],[1417940371000,139],[1417940739000,139],[1417940749000,28],[1417942467000,28],[1417942477000,165],[1417942513000,151],[1417943137000,139],[1417943511000,139],[1417943521000,28],[1417943683000,40],[1417943767000,28],[1417943845000,40],[1417943881000,28],[1417943977000,40],[1417943995000,28],[1417944091000,40],[1417945233000,40],[1417945243000,1531],[1417945250000,175],[1417945280000,163],[1417945387000,151],[1417946277000,151],[1417946287000,40],[1417948018000,40],[1417948028000,172],[1417948064000,160],[1417948226000,148],[1417949062000,148],[1417949072000,40],[1417950802000,40],[1417950812000,180],[1417950872000,168],[1417951238000,156],[1417951840000,156],[1417951850000,40],[1417951952000,52],[1417952420000,40],[1417953496000,40],[1417953506000,211],[1417953512000,180],[1417953518000,160],[1417953530000,136],[1417953536000,218],[1417953542000,160],[1417953554000,230],[1417953560000,196],[1417953566000,165],[1417953596000,196],[1417953602000,244],[1417953644000,230],[1417953680000,244],[1417953686000,232],[1417953722000,220],[1417953746000,244],[1417953758000,228],[1417953962000,240],[1417953980000,225],[1417954024000,225],[1417954034000,263],[1417954040000,223],[1417954130000,235],[1417954148000,220],[1417954222000,220],[1417954232000,249],[1417954238000,220],[1417954334000,235],[1417954382000,220],[1417954580000,208],[1417954622000,115],[1417954646000,134],[1417954652000,115],[1417954664000,129],[1417954712000,115],[1417954816000,115],[1417954826000,143],[1417954832000,127],[1417954892000,115],[1417954922000,156],[1417954934000,127],[1417954952000,146],[1417954964000,124],[1417954976000,136],[1417954982000,115],[1417955038000,115],[1417955048000,143],[1417955054000,124],[1417955098000,124],[1417955108000,158],[1417955114000,115],[1417955150000,129],[1417955168000,115],[1417955198000,136],[1417955204000,122],[1417955216000,168],[1417955222000,120],[1417955234000,151],[1417955246000,136],[1417955264000,122],[1417955294000,134],[1417955306000,117],[1417955342000,132],[1417955378000,120],[1417955420000,170],[1417955432000,127],[1417955476000,127],[1417955486000,148],[1417955492000,132],[1417955498000,120],[1417955534000,148],[1417955546000,120],[1417955612000,136],[1417955630000,124],[1417955702000,136],[1417955708000,156],[1417955714000,124],[1417955806000,124],[1417955816000,163],[1417955822000,132],[1417955858000,143],[1417955864000,124],[1417955930000,143],[1417955942000,117],[1417955960000,136],[1417955966000,151],[1417955972000,129],[1417955978000,172],[1417955984000,129],[1417956056000,117],[1417956074000,129],[1417956098000,148],[1417956104000,127],[1417956190000,127],[1417956200000,148],[1417956212000,117],[1417956224000,129],[1417956304000,129],[1417956314000,170],[1417956338000,129],[1417956380000,228],[1417956386000,247],[1417956392000,235],[1417956398000,252],[1417956404000,230],[1417956422000,216],[1417956434000,237],[1417956446000,220],[1417956512000,208],[1417956524000,230],[1417956530000,211],[1417956542000,146],[1417956650000,160],[1417956698000,143],[1417956740000,156],[1417956758000,170],[1417956764000,203],[1417956956000,192],[1417957046000,208],[1417957070000,194],[1417957396000,194],[1417957406000,100],[1417958276000,83],[1417958282000,98],[1417958300000,110],[1417958318000,86],[1417958330000,100],[1417958702000,112],[1417958708000,98],[1417958726000,110],[1417959068000,96],[1417959104000,108],[1417959154000,108],[1417959164000,213],[1417959194000,201],[1417959320000,189],[1417959596000,172],[1417959602000,184],[1417959608000,172],[1417959638000,184],[1417960120000,184],[1417960130000,206],[1417960142000,189],[1417960228000,189],[1417960238000,93],[1417960244000,122],[1417960598000,134],[1417960852000,134],[1417960862000,100],[1417960868000,122],[1417960874000,91],[1417960886000,124],[1417960892000,103],[1417960916000,91],[1417960970000,105],[1417960988000,127],[1417961012000,2428],[1417961018000,2400],[1417961030000,2373],[1417961066000,2361],[1417961114000,2348],[1417961120000,2361],[1417961132000,2348],[1417961138000,2361],[1417961150000,2348],[1417961168000,2414],[1417961186000,2399],[1417961198000,2335],[1417961222000,2322],[1417961228000,2386],[1417961234000,2412],[1417961240000,2400],[1417961246000,2412],[1417961258000,2399],[1417961270000,2309],[1417961282000,2322],[1417961288000,2309],[1417961294000,2348],[1417961300000,2386],[1417961306000,2399],[1417961312000,2386],[1417961318000,2373],[1417961324000,2309],[1417961336000,2296],[1417961354000,2373],[1417961372000,2296],[1417961384000,2270],[1417961390000,2257],[1417961396000,2296],[1417961402000,2361],[1417961408000,2373],[1417961432000,151],[1417961482000,151],[1417961492000,2257],[1417961498000,2283],[1417961504000,2361],[1417961510000,2373],[1417961522000,2322],[1417961528000,2270],[1417961552000,2257],[1417961594000,158],[1417961600000,127],[1417961612000,153],[1417961698000,153],[1417961708000,132],[1417961714000,158],[1417961890000,158],[1417961900000,343],[1417961906000,242],[1417961948000,228],[1417962424000,228],[1417962434000,184],[1417962446000,196],[1417962586000,196],[1417962596000,252],[1417962608000,189],[1417962614000,177],[1417962620000,194],[1417962788000,182],[1417962800000,201],[1417962806000,228],[1417962830000,216],[1417962982000,216],[1417962992000,148],[1417963078000,148],[1417963088000,127],[1417963094000,143],[1417963118000,156],[1417963208000,141],[1417963292000,153],[1417963342000,153],[1417963352000,120],[1417963358000,151],[1417963450000,151],[1417963460000,124],[1417963466000,141],[1417963520000,153],[1417963714000,153],[1417963724000,132],[1417963730000,153],[1417963826000,134],[1417963838000,151],[1417964080000,151],[1417964090000,129],[1417964102000,153],[1417964198000,136],[1417964216000,158],[1417964452000,158],[1417964462000,129],[1417964468000,151],[1417964560000,151],[1417964570000,124],[1417964576000,148],[1417964650000,148],[1417964660000,247],[1417964684000,235],[1417964726000,223],[1417965338000,242],[1417965434000,223],[1417965446000,247],[1417965452000,228],[1417965578000,211],[1417965584000,230],[1417965632000,242],[1417965656000,228],[1417965698000,240],[1417965734000,194],[1417965752000,180],[1417965808000,180],[1417965818000,158],[1417965824000,177],[1417965934000,177],[1417965944000,146],[1417965950000,170],[1417966043000,170],[1417966053000,146],[1417966059000,170],[1417966192000,170],[1417966202000,143],