{"consum":2.4006794555556,"pic":2.17137,"data":[[1418252812000,141],[1418253366000,141],[1418253376000,26],[1418255136000,26],[1418255146000,168],[1418255188000,151],[1418256082000,139],[1418256198000,139],[1418256208000,26],[1418257992000,26],[1418258002000,165],[1418258038000,153],[1418258404000,141],[1418259042000,141],[1418259052000,26],[1418260848000,26],[1418260858000,165],[1418260900000,153],[1418261284000,141],[1418261898000,141],[1418261908000,26],[1418263722000,26],[1418263732000,168],[1418263762000,153],[1418264092000,141],[1418264772000,141],[1418264782000,26],[1418266602000,26],[1418266612000,163],[1418266660000,151],[1418267386000,139],[1418267646000,139],[1418267656000,26],[1418269482000,26],[1418269492000,160],[1418269564000,146],[1418270520000,146],[1418270530000,26],[1418272363000,26],[1418272373000,165],[1418272415000,153],[1418272751000,141],[1418273407000,141],[1418273417000,26],[1418275255000,26],[1418275265000,165],[1418275307000,148],[1418276293000,148],[1418276303000,26],[1418278147000,26],[1418278157000,165],[1418278205000,151],[1418278919000,139],[1418279191000,139],[1418279201000,26],[1418281027000,26],[1418281037000,182],[1418281043000,168],[1418281073000,153],[1418281367000,141],[1418282059000,141],[1418282069000,26],[1418283653000,40],[1418283727000,40],[1418283737000,76],[1418283743000,108],[1418283755000,96],[1418283779000,83],[1418283919000,83],[1418283929000,201],[1418283977000,189],[1418284049000,177],[1418284073000,189],[1418284373000,177],[1418284487000,158],[1418284505000,177],[1418284547000,163],[1418284565000,177],[1418284649000,165],[1418284711000,165],[1418284721000,1159],[1418284733000,1149],[1418284757000,2154],[1418284769000,2063],[1418284781000,2076],[1418284787000,2115],[1418284793000,2141],[1418284799000,2115],[1418284805000,2063],[1418284823000,2171],[1418284829000,2115],[1418284835000,2141],[1418284847000,2128],[1418284865000,2063],[1418284883000,2171],[1418284889000,2115],[1418284895000,2128],[1418284907000,2115],[1418284913000,2063],[1418284919000,2171],[1418284943000,2063],[1418284955000,2128],[1418284979000,2057],[1418284991000,2022],[1418285021000,2091],[1418285039000,2079],[1418285057000,2068],[1418285069000,2022],[1418285111000,2057],[1418285123000,2091],[1418285135000,2068],[1418285141000,2022],[1418285171000,2011],[1418285195000,45],[1418285249000,57],[1418285675000,45],[1418285851000,45],[1418285861000,805],[1418285867000,792],[1418285873000,780],[1418285903000,50],[1418286131000,67],[1418286409000,67],[1418286419000,40],[1418286425000,57],[1418286503000,40],[1418286611000,52],[1418286623000,40],[1418286823000,40],[1418286833000,194],[1418286839000,170],[1418286869000,156],[1418287025000,143],[1418287885000,143],[1418287895000,117],[1418287901000,184],[1418289229000,184],[1418289239000,213],[1418289275000,177],[1418289293000,196],[1418289311000,211],[1418289329000,254],[1418289427000,254],[1418289437000,110],[1418289497000,122],[1418289787000,122],[1418289797000,350],[1418289803000,304],[1418289821000,259],[1418289887000,247],[1418289965000,232],[1418290007000,280],[1418290013000,225],[1418290109000,213],[1418290175000,228],[1418290187000,216],[1418290577000,203],[1418290945000,203],[1418290955000,331],[1418290961000,208],[1418291035000,208],[1418291045000,230],[1418291057000,333],[1418291063000,203],[1418291123000,192],[1418291147000,206],[1418291177000,187],[1418291183000,199],[1418291196000,182],[1418291201000,199],[1418291274000,211],[1418291291000,196],[1418291382000,180],[1418291417000,196],[1418291448000,235],[1418291471000,213],[1418291573000,228],[1418291579000,216],[1418291628000,194],[1418291849000,208],[1418291867000,194],[1418292092000,194],[1418292102000,148],[1418292692000,148],[1418292702000,23],[1418294192000,23],[1418294202000,170],[1418294232000,156],[1418294472000,143],[1418295380000,143],[1418295390000,26],[1418297024000,26],[1418297034000,168],[1418297070000,153],[1418297628000,141],[1418298134000,141],[1418298144000,26],[1418299808000,26],[1418299818000,165],[1418299860000,151],[1418300868000,139],[1418300898000,23],[1418302454000,23],[1418302464000,64],[1418302470000,31],[1418302580000,31],[1418302590000,1440],[1418302596000,168],[1418302638000,156],[1418302818000,143],[1418303660000,143],[1418303670000,26],[1418305370000,26],[1418305380000,165],[1418305416000,153],[1418305980000,141],[1418306444000,141],[1418306454000,26],[1418308160000,26],[1418308170000,165],[1418308218000,153],[1418308746000,141],[1418309234000,141],[1418309244000,26],[1418310962000,26],[1418310972000,163],[1418311020000,151],[1418311932000,139],[1418312036000,139],[1418312046000,26],[1418313776000,26],[1418313786000,1005],[1418313792000,168],[1418313835000,153],[1418314255000,141],[1418314851000,141],[1418314861000,23],[1418316609000,23],[1418316619000,163],[1418316667000,151],[1418317525000,139],[1418317677000,139],[1418317687000,26],[1418319447000,26],[1418319457000,201],[1418319463000,168],[1418319499000,153],[1418320035000,153],[1418320045000,1307],[1418320069000,1295],[1418320087000,551],[1418320099000,158],[1418320177000,170],[1418320183000,196],[1418320213000,184],[1418320539000,184],[1418320549000,88],[1418320615000,103],[1418320995000,103],[1418321005000,81],[1418321115000,81],[1418321125000,105],[1418321251000,93],[1418321257000,105],[1418321449000,93],[1418321647000,110],[1418321653000,96],[1418321743000,108],[1418321755000,96],[1418322033000,96],[1418322043000,211],[1418322073000,199],[1418322115000,184],[1418322145000,218],[1418322193000,230],[1418322205000,213],[1418322211000,230],[1418322223000,213],[1418322325000,230],[1418322331000,213],[1418322355000,232],[1418322361000,213],[1418322397000,230],[1418322403000,216],[1418322427000,228],[1418322433000,213],[1418322469000,225],[1418322517000,213],[1418322679000,228],[1418322697000,211],[1418323137000,211],[1418323147000,132],[1418323225000,146],[1418323243000,132],[1418323309000,143],[1418323369000,132],[1418323387000,143],[1418323435000,132],[1418323615000,146],[1418323621000,132],[1418323759000,143],[1418323789000,127],[1418323855000,141],[1418323903000,129],[1418323939000,146],[1418323993000,132],[1418324061000,132],[1418324071000,96],[1418324077000,129],[1418324133000,129],[1418324143000,93],[1418324205000,93],[1418324215000,163],[1418324239000,93],[1418324701000,105],[1418324707000,91],[1418324857000,105],[1418324863000,203],[1418324875000,216],[1418324881000,203],[1418324893000,192],[1418325007000,180],[1418326005000,180],[1418326015000,88],[1418327643000,88],[1418327653000,216],[1418327659000,203],[1418327701000,192],[1418327857000,180],[1418328769000,196],[1418328793000,96],[1418328829000,83],[1418328835000,100],[1418328841000,83],[1418329069000,100],[1418329075000,83],[1418329317000,83],[1418329327000,55],[1418329333000,33],[1418329351000,115],[1418329357000,33],[1418329375000,45],[1418329467000,45],[1418329477000,120],[1418329483000,67],[1418330115000,67],[1418330125000,196],[1418330161000,184],[1418330323000,172],[1418331231000,172],[1418331241000,196],[1418331247000,228],[1418331259000,170],[1418331417000,170],[1418331427000,64],[1418332569000,64],[1418332579000,43],[1418332827000,43],[1418332837000,163],[1418332873000,151],[1418333335000,139],[1418334135000,139],[1418334145000,33],[1418335594000,33],[1418335604000,163],[1418335645000,151],[1418335909000,139],[1418336872000,139],[1418336882000,33],[1418338378000,33],[1418338388000,1657],[1418338400000,165],[1418338424000,153],[1418338520000,141]]}