{"consum":2.9562136138889,"pic":2.17137,"data":[[1418598008000,184],[1418598164000,196],[1418598170000,184],[1418598230000,196],[1418598248000,184],[1418598308000,196],[1418598332000,177],[1418598338000,192],[1418598392000,175],[1418598416000,192],[1418598500000,177],[1418598524000,196],[1418598530000,175],[1418598536000,189],[1418598596000,177],[1418598602000,189],[1418598608000,175],[1418598620000,187],[1418598656000,172],[1418598674000,187],[1418598716000,175],[1418598776000,194],[1418598824000,180],[1418598998000,192],[1418599112000,177],[1418599180000,177],[1418599190000,88],[1418599226000,76],[1418599292000,88],[1418599310000,76],[1418599334000,93],[1418599352000,81],[1418599802000,96],[1418599820000,83],[1418599862000,96],[1418599964000,81],[1418600042000,96],[1418600246000,81],[1418600252000,103],[1418600276000,79],[1418600294000,93],[1418600300000,81],[1418600306000,93],[1418600324000,79],[1418600348000,98],[1418600354000,86],[1418600360000,103],[1418600450000,91],[1418600530000,91],[1418600540000,211],[1418600594000,199],[1418600630000,187],[1418600782000,187],[1418600792000,160],[1418600852000,175],[1418600894000,160],[1418601068000,148],[1418601728000,136],[1418601778000,136],[1418601788000,33],[1418603278000,33],[1418603288000,163],[1418603330000,148],[1418604422000,136],[1418604434000,33],[1418605990000,33],[1418606000000,163],[1418606048000,146],[1418607082000,146],[1418607092000,33],[1418608634000,50],[1418608676000,184],[1418608700000,165],[1418608808000,153],[1418609030000,141],[1418609756000,122],[1418609762000,33],[1418611354000,33],[1418611364000,160],[1418611418000,148],[1418612372000,136],[1418612434000,136],[1418612444000,33],[1418614036000,33],[1418614046000,160],[1418614094000,148],[1418615000000,136],[1418615104000,136],[1418615114000,33],[1418616742000,33],[1418616752000,165],[1418616782000,153],[1418616968000,141],[1418617810000,141],[1418617820000,33],[1418619467000,33],[1418619477000,165],[1418619513000,151],[1418619855000,139],[1418620529000,139],[1418620539000,33],[1418622203000,33],[1418622213000,165],[1418622243000,151],[1418622555000,139],[1418623265000,139],[1418623275000,33],[1418624951000,33],[1418624961000,165],[1418624985000,153],[1418625159000,141],[1418626007000,141],[1418626017000,33],[1418627705000,33],[1418627715000,170],[1418627733000,158],[1418627787000,143],[1418628405000,158],[1418628441000,146],[1418628489000,172],[1418628501000,189],[1418628761000,189],[1418628771000,96],[1418629481000,96],[1418629491000,60],[1418629509000,48],[1418629821000,62],[1418630051000,62],[1418630061000,2063],[1418630067000,1054],[1418630115000,1044],[1418630139000,1024],[1418630187000,1050],[1418630199000,1035],[1418630205000,1024],[1418630247000,1044],[1418630271000,1024],[1418630283000,1035],[1418630337000,1024],[1418630349000,1035],[1418630361000,1050],[1418630423000,1050],[1418630433000,1217],[1418630445000,1174],[1418630463000,1200],[1418630475000,1179],[1418630487000,1164],[1418630505000,1174],[1418630523000,1155],[1418630559000,1170],[1418630613000,1149],[1418630685000,1164],[1418630733000,1144],[1418630769000,1155],[1418630781000,2141],[1418630787000,2115],[1418630799000,2076],[1418630805000,2171],[1418630829000,2063],[1418630835000,2171],[1418630847000,2063],[1418630853000,2171],[1418630859000,2102],[1418630865000,2115],[1418630871000,2128],[1418630883000,2102],[1418630889000,2089],[1418630895000,2063],[1418630925000,2171],[1418630967000,165],[1418631515000,165],[1418631525000,64],[1418631669000,50],[1418631747000,36],[1418631771000,55],[1418631897000,36],[1418633189000,36],[1418633199000,168],[1418633253000,156],[1418633289000,187],[1418633339000,187],[1418633349000,156],[1418633663000,156],[1418633673000,194],[1418633987000,194],[1418633997000,304],[1418634033000,805],[1418634039000,628],[1418634045000,290],[1418634051000,724],[1418634063000,750],[1418634069000,300],[1418634081000,835],[1418634087000,655],[1418634099000,750],[1418634141000,292],[1418634147000,707],[1418634153000,792],[1418634171000,287],[1418634177000,895],[1418634183000,580],[1418634195000,912],[1418634213000,861],[1418634219000,292],[1418634225000,861],[1418634231000,676],[1418634237000,297],[1418634255000,652],[1418634261000,750],[1418634273000,667],[1418634291000,175],[1418634315000,597],[1418634333000,640],[1418634339000,170],[1418634401000,170],[1418634411000,900],[1418634417000,172],[1418634461000,172],[1418634471000,852],[1418634483000,170],[1418634531000,930],[1418634561000,170],[1418634567000,908],[1418634579000,170],[1418634609000,870],[1418634615000,172],[1418634627000,831],[1418634645000,745],[1418634651000,170],[1418634713000,170],[1418634723000,707],[1418634741000,170],[1418634783000,930],[1418634795000,170],[1418634801000,758],[1418634807000,172],[1418634843000,835],[1418634849000,172],[1418634861000,1029],[1418634867000,172],[1418634911000,172],[1418634921000,700],[1418634933000,40],[1418634939000,792],[1418634945000,81],[1418634981000,513],[1418634993000,96],[1418634999000,695],[1418635023000,98],[1418635035000,895],[1418635047000,98],[1418635059000,614],[1418635065000,96],[1418635077000,695],[1418635095000,542],[1418635107000,96],[1418635113000,527],[1418635119000,96],[1418635137000,503],[1418635143000,98],[1418635155000,640],[1418635161000,96],[1418635173000,674],[1418635185000,96],[1418635191000,912],[1418635197000,96],[1418635215000,129],[1418635221000,100],[1418635269000,693],[1418635275000,96],[1418635319000,96],[1418635329000,882],[1418635353000,93],[1418635493000,93],[1418635503000,652],[1418635509000,76],[1418635527000,664],[1418635533000,79],[1418635545000,98],[1418635563000,667],[1418635575000,98],[1418635581000,835],[1418635587000,93],[1418635631000,93],[1418635641000,990],[1418635647000,96],[1418635659000,750],[1418635665000,98],[1418635727000,98],[1418635737000,1009],[1418635743000,93],[1418635755000,814],[1418635761000,93],[1418635823000,93],[1418635833000,900],[1418635839000,88],[1418635851000,719],[1418635857000,83],[1418635905000,127],[1418635917000,91],[1418635923000,990],[1418635947000,96],[1418635983000,230],[1418636001000,1020],[1418636007000,216],[1418636019000,1054],[1418636037000,206],[1418636055000,955],[1418636061000,192],[1418636079000,1029],[1418636085000,189],[1418636097000,1080],[1418636115000,1373],[1418636121000,189],[1418636225000,189],[1418636235000,230],[1418636279000,230],[1418636289000,857],[1418636295000,218],[1418636307000,705],[1418636313000,220],[1418636319000,934],[1418636325000,580],[1418636331000,472],[1418636343000,220],[1418636349000,674],[1418636367000,455],[1418636385000,540],[1418636397000,554],[1418636403000,643],[1418636409000,616],[1418636439000,563],[1418636463000,551],[1418636507000,551],[1418636517000,626],[1418636523000,640],[1418636535000,187],[1418636541000,463],[1418636547000,182],[1418636559000,650],[1418636565000,184],[1418636645000,184],[1418636655000,232],[1418636679000,182],[1418637041000,182],[1418637051000,91],[1418637575000,91],[1418637585000,184],[1418637755000,184],[1418637765000,112],[1418637789000,88],[1418637831000,108],[1418637897000,93],[1418637947000,93],[1418637957000,64],[1418637963000,43],[1418638745000,43],[1418638755000,172],[1418638785000,158],[1418638959000,146],[1418639795000,146],[1418639805000,31],[1418641530000,31],[1418641540000,170],[1418641570000,156],[1418641720000,143],[1418642592000,143],[1418642602000,28],[1418644308000,28],[1418644318000,165],[1418644366000,148],[1418645358000,148],[1418645368000,28],[1418647098000,28],[1418647108000,160],[1418647150000,148],[1418648136000,148],[1418648146000,28],[1418649858000,28],[1418649868000,369],[1418649874000,168],[1418649910000,153],[1418650312000,141],[1418650908000,141],[1418650918000,28],[1418652636000,28],[1418652646000,163],[1418652706000,151],[1418653432000,139],[1418653686000,139],[1418653696000,31],[1418655420000,31],[1418655430000,463],[1418655436000,168],[1418655472000,153],[1418655772000,141],[1418656476000,141],[1418656486000,182],[1418658030000,182],[1418658040000,33],