{"consum":2.2160052638889,"pic":1.59996,"data":[[1418685416000,146],[1418685426000,33],[1418686808000,33],[1418686818000,160],[1418686884000,148],[1418688050000,148],[1418688060000,108],[1418688066000,33],[1418689490000,33],[1418689500000,165],[1418689530000,153],[1418689668000,141],[1418690714000,141],[1418690724000,33],[1418692208000,33],[1418692218000,165],[1418692254000,153],[1418692380000,141],[1418693408000,141],[1418693418000,33],[1418694914000,33],[1418694924000,165],[1418694960000,151],[1418695398000,139],[1418696090000,139],[1418696100000,33],[1418697626000,33],[1418697636000,160],[1418697684000,148],[1418698548000,136],[1418698784000,136],[1418698794000,33],[1418700362000,33],[1418700372000,165],[1418700408000,151],[1418700732000,139],[1418701514000,139],[1418701524000,33],[1418703116000,33],[1418703126000,165],[1418703156000,153],[1418703294000,141],[1418704238000,141],[1418704248000,33],[1418705882000,33],[1418705892000,165],[1418705922000,153],[1418706013000,141],[1418706999000,141],[1418707009000,33],[1418708631000,33],[1418708641000,165],[1418708671000,151],[1418709025000,139],[1418709741000,139],[1418709751000,33],[1418711397000,33],[1418711407000,163],[1418711449000,151],[1418711731000,139],[1418712511000,156],[1418712523000,196],[1418712657000,196],[1418712667000,220],[1418712673000,249],[1418712721000,237],[1418713161000,237],[1418713171000,189],[1418714073000,189],[1418714083000,36],[1418714433000,36],[1418714443000,295],[1418714449000,247],[1418714461000,203],[1418714557000,192],[1418714629000,180],[1418714707000,168],[1418715169000,156],[1418716639000,143],[1418717619000,143],[1418717629000,23],[1418718999000,23],[1418719009000,170],[1418719045000,158],[1418719129000,146],[1418720241000,146],[1418720251000,26],[1418720275000,93],[1418720281000,67],[1418720293000,86],[1418720887000,100],[1418720911000,88],[1418721373000,105],[1418721379000,91],[1418721795000,91],[1418721805000,203],[1418721853000,192],[1418722089000,192],[1418722099000,223],[1418722207000,235],[1418722225000,199],[1418722315000,187],[1418722893000,187],[1418722903000,86],[1418723749000,98],[1418723983000,110],[1418723989000,93],[1418724085000,105],[1418724121000,117],[1418724145000,105],[1418724163000,122],[1418724199000,108],[1418724309000,108],[1418724319000,50],[1418724325000,31],[1418724555000,31],[1418724565000,170],[1418724601000,151],[1418725617000,151],[1418725627000,26],[1418727303000,26],[1418727313000,168],[1418727344000,153],[1418727974000,141],[1418728330000,141],[1418728340000,26],[1418730010000,26],[1418730020000,168],[1418730062000,153],[1418730602000,141],[1418731048000,141],[1418731058000,26],[1418732740000,26],[1418732750000,168],[1418732786000,156],[1418733026000,143],[1418733778000,143],[1418733788000,26],[1418735476000,26],[1418735486000,165],[1418735558000,151],[1418736520000,151],[1418736530000,26],[1418738230000,26],[1418738240000,168],[1418738276000,153],[1418738810000,141],[1418739274000,141],[1418739284000,26],[1418741002000,26],[1418741012000,170],[1418741042000,156],[1418741258000,143],[1418742046000,143],[1418742056000,23],[1418743768000,23],[1418743778000,168],[1418743820000,153],[1418744492000,141],[1418744824000,141],[1418744834000,23],[1418746564000,23],[1418746574000,163],[1418746628000,151],[1418747582000,139],[1418747624000,26],[1418749367000,26],[1418749377000,170],[1418749401000,158],[1418749461000,146],[1418750411000,146],[1418750421000,23],[1418752157000,23],[1418752167000,165],[1418752209000,151],[1418753127000,139],[1418753219000,139],[1418753229000,26],[1418754953000,26],[1418754963000,165],[1418754999000,153],[1418755095000,168],[1418755137000,151],[1418755875000,139],[1418755997000,139],[1418756007000,26],[1418757749000,26],[1418757759000,143],[1418757765000,38],[1418757777000,172],[1418757807000,160],[1418757969000,172],[1418757981000,160],[1418758035000,175],[1418758041000,199],[1418758083000,187],[1418758529000,187],[1418758539000,304],[1418758629000,290],[1418758679000,290],[1418758689000,1084],[1418758695000,1599],[1418758713000,1542],[1418758719000,1508],[1418758731000,1497],[1418758749000,1542],[1418758761000,295],[1418758919000,295],[1418758929000,156],[1418759685000,139],[1418759855000,139],[1418759865000,160],[1418759871000,141],[1418760473000,141],[1418760483000,91],[1418760545000,91],[1418760555000,203],[1418760585000,192],[1418761101000,180],[1418761679000,180],[1418761689000,88],[1418762205000,100],[1418762217000,81],[1418762259000,98],[1418762277000,81],[1418762283000,103],[1418762289000,86],[1418763329000,86],[1418763339000,647],[1418763345000,206],[1418763381000,194],[1418763609000,182],[1418764529000,182],[1418764539000,86],[1418766071000,86],[1418766081000,201],[1418766147000,187],[1418767005000,175],[1418767083000,187],[1418767275000,175],[1418767287000,86],[1418768855000,86],[1418768865000,206],[1418768907000,194],[1418769021000,180],[1418769077000,180],[1418769087000,151],[1418769111000,165],[1418769147000,148],[1418769203000,148],[1418769213000,225],[1418769219000,172],[1418770031000,172],[1418770041000,69]]}