{"consum":3.6253738138889,"pic":1.75998,"data":[[1419117723000,38],[1419117733000,1588],[1419117745000,187],[1419117769000,172],[1419118057000,160],[1419118785000,160],[1419118795000,38],[1419120178000,38],[1419120188000,184],[1419120230000,170],[1419120962000,158],[1419121222000,158],[1419121232000,38],[1419122174000,52],[1419122626000,52],[1419122636000,189],[1419122666000,177],[1419122756000,165],[1419123664000,165],[1419123674000,40],[1419125074000,40],[1419125084000,180],[1419125132000,168],[1419126112000,168],[1419126122000,38],[1419127528000,38],[1419127538000,184],[1419127574000,172],[1419127958000,160],[1419128566000,160],[1419128576000,38],[1419130012000,38],[1419130022000,182],[1419130064000,170],[1419130898000,158],[1419131032000,158],[1419131042000,38],[1419132496000,38],[1419132506000,187],[1419132536000,172],[1419132890000,160],[1419133510000,160],[1419133520000,38],[1419134980000,38],[1419134990000,184],[1419135032000,170],[1419135782000,158],[1419135994000,158],[1419136004000,38],[1419137482000,38],[1419137492000,275],[1419137504000,184],[1419137534000,172],[1419137936000,160],[1419138496000,160],[1419138506000,38],[1419140008000,38],[1419140018000,182],[1419140054000,170],[1419140888000,158],[1419141004000,158],[1419141014000,199],[1419142487000,199],[1419142497000,38],[1419142895000,38],[1419142905000,1759],[1419142917000,237],[1419142923000,223],[1419142941000,211],[1419143061000,199],[1419143127000,187],[1419143475000,175],[1419144603000,163],[1419145739000,163],[1419145749000,38],[1419146891000,38],[1419146901000,182],[1419146943000,170],[1419147531000,158],[1419147959000,158],[1419147969000,38],[1419149333000,38],[1419149343000,182],[1419149391000,170],[1419149435000,170],[1419149445000,148],[1419149469000,163],[1419149523000,148],[1419150347000,148],[1419150357000,26],[1419151757000,26],[1419151767000,165],[1419151809000,153],[1419152565000,141],[1419152679000,158],[1419152747000,158],[1419152757000,40],[1419152949000,28],[1419153117000,43],[1419153123000,28],[1419153159000,40],[1419153177000,28],[1419154211000,28],[1419154221000,172],[1419154251000,160],[1419154365000,148],[1419155195000,148],[1419155205000,28],[1419156695000,28],[1419156705000,170],[1419156741000,156],[1419157151000,156],[1419157161000,187],[1419157179000,275],[1419157191000,249],[1419157203000,292],[1419157209000,268],[1419157215000,309],[1419157227000,285],[1419157239000,263],[1419157245000,275],[1419157251000,228],[1419157281000,249],[1419157287000,232],[1419157491000,244],[1419157509000,232],[1419157565000,232],[1419157575000,259],[1419157587000,235],[1419157599000,254],[1419157605000,232],[1419157641000,156],[1419157665000,43],[1419157671000,31],[1419159191000,31],[1419159201000,177],[1419159243000,165],[1419159705000,153],[1419160157000,153],[1419160167000,31],[1419160287000,45],[1419160317000,31],[1419160335000,117],[1419160341000,158],[1419160383000,141],[1419160449000,153],[1419160455000,172],[1419160461000,139],[1419160473000,177],[1419160479000,139],[1419160557000,158],[1419160563000,184],[1419160575000,141],[1419160605000,177],[1419160623000,151],[1419160647000,163],[1419160653000,139],[1419160665000,151],[1419160671000,129],[1419160677000,151],[1419160683000,136],[1419160695000,124],[1419160725000,148],[1419160731000,117],[1419160773000,129],[1419160785000,143],[1419160791000,117],[1419160833000,163],[1419160845000,124],[1419160929000,139],[1419160935000,175],[1419160947000,163],[1419160977000,120],[1419160983000,151],[1419160989000,129],[1419160995000,175],[1419161001000,120],[1419161025000,158],[1419161031000,120],[1419161043000,158],[1419161079000,122],[1419161103000,136],[1419161109000,120],[1419161121000,158],[1419161127000,120],[1419161145000,148],[1419161157000,134],[1419161169000,163],[1419161181000,136],[1419161205000,117],[1419161253000,146],[1419161259000,213],[1419161265000,196],[1419161271000,143],[1419161277000,163],[1419161283000,143],[1419161331000,168],[1419161337000,151],[1419161367000,139],[1419161379000,151],[1419161403000,189],[1419161409000,156],[1419161415000,143],[1419161421000,170],[1419161427000,146],[1419161633000,146],[1419161643000,184],[1419161649000,213],[1419161661000,146],[1419161711000,146],[1419161721000,247],[1419161727000,266],[1419161733000,244],[1419161763000,230],[1419161867000,230],[1419161877000,252],[1419161889000,230],[1419162035000,230],[1419162045000,254],[1419162051000,230],[1419162255000,242],[1419162262000,220],[1419162285000,240],[1419162297000,220],[1419162358000,235],[1419162393000,223],[1419162442000,235],[1419162448000,218],[1419162501000,235],[1419162532000,223],[1419162567000,254],[1419162573000,223],[1419162671000,223],[1419162681000,136],[1419162700000,148],[1419162784000,136],[1419162876000,136],[1419162886000,201],[1419162892000,151],[1419162915000,180],[1419162921000,196],[1419162927000,151],[1419162939000,139],[1419162988000,165],[1419162994000,146],[1419163042000,184],[1419163054000,146],[1419163060000,172],[1419163066000,148],[1419163078000,136],[1419163113000,148],[1419163138000,136],[1419163168000,187],[1419163173000,146],[1419163308000,146],[1419163318000,172],[1419163330000,136],[1419163348000,160],[1419163354000,141],[1419163371000,201],[1419163377000,148],[1419163439000,148],[1419163449000,196],[1419163456000,163],[1419163461000,151],[1419163480000,180],[1419163486000,163],[1419163492000,151],[1419163612000,139],[1419163654000,165],[1419163660000,151],[1419163720000,139],[1419163876000,156],[1419163882000,143],[1419163924000,158],[1419163936000,141],[1419164044000,160],[1419164050000,141],[1419164098000,158],[1419164110000,141],[1419164116000,153],[1419164140000,141],[1419164224000,158],[1419164248000,141],[1419164254000,247],[1419164302000,232],[1419164352000,232],[1419164362000,261],[1419164386000,249],[1419164392000,225],[1419164572000,237],[1419164608000,223],[1419164686000,235],[1419164740000,223],[1419164770000,235],[1419164776000,252],[1419164794000,223],[1419164884000,240],[1419164896000,225],[1419164902000,237],[1419164920000,223],[1419164986000,235],[1419165034000,220],[1419165046000,232],[1419165052000,220],[1419165166000,232],[1419165210000,232],[1419165220000,153],[1419165244000,136],[1419165310000,148],[1419165328000,165],[1419165340000,146],[1419165388000,182],[1419165400000,146],[1419165430000,160],[1419165436000,136],[1419165484000,148],[1419165508000,136],[1419165574000,148],[1419165610000,136],[1419165634000,180],[1419165640000,151],[1419165646000,187],[1419165652000,163],[1419165658000,182],[1419165670000,146],[1419165726000,146],[1419165736000,182],[1419165742000,136],[1419165760000,172],[1419165772000,139],[1419165790000,175],[1419165802000,139],[1419165864000,139],[1419165874000,175],[1419165898000,141],[1419165910000,172],[1419165916000,136],[1419165994000,151],[1419166006000,180],[1419166030000,141],[1419166048000,153],[1419166162000,141],[1419166186000,156],[1419166228000,143],[1419166288000,158],[1419166306000,141],[1419166348000,153],[1419166354000,192],[1419166366000,143],[1419166390000,158],[1419166396000,139],[1419166480000,153],[1419166492000,141],[1419166546000,158],[1419166558000,143],[1419166564000,196],[1419166570000,146],[1419166588000,160],[1419166636000,139],[1419166642000,172],[1419166648000,151],[1419166660000,189],[1419166666000,172],[1419166684000,141],[1419166788000,141],[1419166798000,249],[1419166834000,237],[1419166900000,225],[1419167148000,225],[1419167158000,249],[1419167164000,237],[1419167206000,225],[1419167428000,240],[1419167452000,223],[1419167488000,249],[1419167500000,225],[1419167760000,225],[1419167770000,153],[1419167776000,136],[1419167812000,151],[1419167830000,163],[1419167836000,189],[1419167842000,141],[1419167872000,153],[1419167896000,141],[1419167938000,192],[1419167944000,141],[1419168088000,153],[1419168094000,180],[1419168106000,136],[1419168130000,187],[1419168136000,148],[1419168142000,160],[1419168148000,148],[1419168184000,136],[1419168286000,151],[1419168292000,139],[1419168334000,153],