{"consum":2.4718479305556,"pic":1.41598,"data":[[1418079868000,141],[1418079878000,40],[1418081548000,40],[1418081558000,168],[1418081582000,156],[1418081780000,143],[1418082634000,143],[1418082644000,38],[1418084314000,38],[1418084324000,163],[1418084366000,151],[1418084588000,139],[1418085394000,139],[1418085404000,36],[1418087086000,36],[1418087096000,163],[1418087132000,151],[1418087318000,139],[1418088154000,139],[1418088164000,36],[1418089864000,36],[1418089874000,160],[1418089928000,148],[1418090546000,136],[1418090932000,136],[1418090942000,36],[1418092654000,36],[1418092664000,163],[1418092694000,151],[1418092868000,139],[1418093722000,139],[1418093732000,36],[1418095450000,36],[1418095460000,165],[1418095490000,151],[1418095640000,139],[1418096506000,139],[1418096516000,36],[1418098235000,36],[1418098245000,160],[1418098287000,148],[1418098845000,136],[1418099291000,136],[1418099301000,184],[1418100839000,184],[1418100849000,43],[1418101229000,43],[1418101239000,271],[1418101245000,237],[1418101251000,213],[1418101257000,199],[1418101341000,187],[1418101413000,175],[1418101467000,163],[1418101851000,151],[1418103195000,139],[1418104193000,139],[1418104203000,36],[1418105669000,36],[1418105679000,165],[1418105697000,153],[1418105829000,141],[1418106839000,141],[1418106849000,36],[1418108133000,52],[1418108175000,67],[1418108205000,52],[1418108247000,69],[1418108253000,86],[1418108259000,112],[1418108301000,100],[1418108441000,100],[1418108451000,252],[1418108457000,211],[1418108487000,199],[1418108727000,187],[1418108939000,187],[1418108949000,153],[1418108961000,170],[1418109273000,151],[1418109279000,192],[1418109285000,203],[1418109297000,192],[1418109563000,192],[1418109573000,100],[1418109597000,112],[1418109753000,100],[1418109821000,100],[1418109831000,43],[1418111237000,43],[1418111247000,168],[1418111289000,156],[1418112051000,143],[1418112323000,143],[1418112333000,38],[1418113985000,38],[1418113995000,168],[1418114037000,156],[1418114745000,143],[1418115035000,143],[1418115045000,38],[1418116721000,38],[1418116731000,168],[1418116773000,156],[1418117409000,143],[1418117759000,143],[1418117769000,36],[1418119470000,36],[1418119480000,168],[1418119516000,156],[1418119671000,143],[1418119751000,143],[1418119761000,177],[1418119792000,143],[1418119798000,160],[1418119924000,143],[1418120514000,143],[1418120524000,31],[1418120644000,43],[1418120668000,31],[1418121810000,31],[1418121820000,55],[1418121838000,33],[1418121844000,45],[1418121862000,33],[1418122248000,33],[1418122258000,168],[1418122282000,156],[1418122360000,143],[1418123280000,143],[1418123290000,28],[1418125014000,28],[1418125024000,163],[1418125066000,151],[1418125234000,139],[1418126052000,139],[1418126062000,28],[1418127786000,28],[1418127796000,163],[1418127838000,151],[1418128516000,139],[1418128830000,139],[1418128840000,28],[1418130564000,28],[1418130574000,1415],[1418130580000,170],[1418130610000,156],[1418130730000,143],[1418131626000,143],[1418131636000,28],[1418133360000,28],[1418133370000,163],[1418133412000,151],[1418134144000,139],[1418134416000,139],[1418134426000,28],[1418136150000,28],[1418136160000,165],[1418136208000,151],[1418136856000,139],[1418137194000,139],[1418137204000,28],[1418138940000,28],[1418138950000,165],[1418138998000,151],[1418139694000,139],[1418139990000,139],[1418140000000,28],[1418141743000,28],[1418141753000,168],[1418141783000,153],[1418142005000,141],[1418142775000,141],[1418142785000,28],[1418144539000,28],[1418144549000,163],[1418144591000,151],[1418145143000,139],[1418145583000,139],[1418145593000,28],[1418147347000,28],[1418147357000,163],[1418147411000,148],[1418148385000,148],[1418148395000,28],[1418148521000,45],[1418148703000,45],[1418148713000,1174],[1418148725000,1140],[1418148731000,1155],[1418148737000,1144],[1418148749000,1134],[1418148773000,1119],[1418148809000,1104],[1418148839000,1084],[1418148857000,1074],[1418148875000,1059],[1418148893000,1069],[1418148905000,1084],[1418148917000,1074],[1418148941000,1050],[1418148965000,1039],[1418148989000,1029],[1418149031000,1039],[1418149043000,1029],[1418149067000,1009],[1418149073000,999],[1418149085000,1020],[1418149133000,1009],[1418149157000,994],[1418149175000,984],[1418149181000,969],[1418149193000,979],[1418149235000,969],[1418149247000,979],[1418149277000,969],[1418149295000,947],[1418149301000,91],[1418150155000,91],[1418150165000,199],[1418150225000,187],[1418151235000,187],[1418151245000,96],[1418151377000,112],[1418151395000,96],[1418152127000,112],[1418152133000,98],[1418152495000,98],[1418152505000,211],[1418152541000,196],[1418152787000,184],[1418153461000,184],[1418153471000,208],[1418153483000,180],[1418153773000,180],[1418153783000,86],[1418155219000,86],[1418155229000,201],[1418155283000,189],[1418156057000,177],[1418156455000,177],[1418156465000,86],[1418157949000,86],[1418157959000,206],[1418157995000,194],[1418158075000,194],[1418158085000,220],[1418158379000,208],[1418158391000,220],[1418158541000,208],[1418158723000,208],[1418158733000,235],[1418158739000,208],[1418158763000,228],[1418158769000,211],[1418158781000,228],[1418158793000,213],[1418158835000,230],[1418158841000,211],[1418159045000,225],[1418159069000,213],[1418159159000,228],[1418159165000,132],[1418159321000,148],[1418159327000,136],[1418160137000,151],[1418160149000,134],[1418160197000,146],[1418160251000,134],[1418160491000,151],[1418160497000,134],[1418160527000,148],[1418160533000,132],[1418160563000,146],[1418160575000,134],[1418160691000,134],[1418160701000,252],[1418160731000,237],[1418160755000,225],[1418161001000,237],[1418161013000,218],[1418161037000,230],[1418161043000,216],[1418161139000,230],[1418161145000,218],[1418161169000,230],[1418161187000,218],[1418161199000,235],[1418161205000,218],[1418161247000,232],[1418161265000,211],[1418161319000,225],[1418161331000,211],[1418161421000,228],[1418161427000,213],[1418161463000,225],[1418161469000,211],[1418161685000,225],[1418161697000,211],[1418161715000,228],[1418161727000,213],[1418161877000,225],[1418161884000,208],[1418161890000,300],[1418161896000,280],[1418161926000,295],[1418161931000,280],[1418162129000,295],[1418162135000,280],[1418162160000,300],[1418162166000,280],[1418162297000,292],[1418162303000,280],[1418162393000,292],[1418162399000,273],[1418162520000,290],[1418162526000,273],[1418162598000,290],[1418162604000,273],[1418162610000,290],[1418162616000,273],[1418162712000,287],[1418162718000,273],[1418162742000,287],[1418162759000,273],[1418162796000,235],[1418162862000,249],[1418162868000,225],[1418163050000,225],[1418163060000,249],[1418163066000,230],[1418163078000,247],[1418163090000,230],[1418163107000,182],[1418163156000,194],[1418163168000,182],[1418163428000,182],[1418163438000,36],[1418163806000,36],[1418163816000,273],[1418163822000,244],[1418163828000,218],[1418163840000,206],[1418163912000,194],[1418163996000,182],[1418164062000,170],[1418164584000,158],[1418165490000,146]]}