{"consum":2.9857948638889,"pic":1.70285,"data":[[1419375945000,141],[1419375955000,23],[1419377679000,23],[1419377689000,163],[1419377731000,151],[1419378631000,139],[1419378681000,139],[1419378691000,23],[1419380421000,23],[1419380431000,163],[1419380485000,148],[1419381424000,148],[1419381434000,26],[1419381440000,184],[1419382984000,184],[1419382994000,31],[1419383380000,31],[1419383390000,271],[1419383396000,237],[1419383402000,216],[1419383408000,203],[1419383486000,192],[1419383552000,180],[1419383630000,168],[1419384026000,156],[1419385220000,143],[1419386296000,143],[1419386306000,23],[1419387724000,23],[1419387734000,170],[1419387764000,158],[1419387842000,146],[1419388882000,146],[1419388892000,26],[1419390478000,26],[1419390488000,168],[1419390518000,156],[1419390686000,143],[1419391546000,143],[1419391556000,23],[1419393196000,23],[1419393206000,160],[1419393272000,148],[1419394234000,148],[1419394244000,108],[1419394250000,23],[1419395926000,23],[1419395936000,163],[1419395978000,151],[1419396746000,139],[1419396958000,139],[1419396968000,23],[1419398668000,23],[1419398678000,165],[1419398720000,153],[1419399056000,141],[1419399694000,141],[1419399704000,23],[1419401428000,23],[1419401438000,163],[1419401492000,151],[1419402164000,139],[1419402449000,139],[1419402459000,23],[1419404207000,23],[1419404217000,163],[1419404259000,151],[1419404883000,139],[1419405221000,139],[1419405231000,23],[1419406967000,23],[1419406977000,64],[1419406989000,31],[1419407001000,168],[1419407031000,156],[1419407163000,143],[1419408005000,143],[1419408015000,26],[1419409215000,43],[1419409769000,43],[1419409779000,165],[1419409869000,148],[1419410783000,148],[1419410793000,36],[1419412557000,50],[1419412563000,187],[1419412617000,170],[1419412641000,153],[1419413555000,153],[1419413565000,40],[1419415337000,40],[1419415347000,168],[1419415407000,156],[1419416295000,143],[1419416339000,143],[1419416349000,40],[1419418115000,40],[1419418125000,170],[1419418161000,158],[1419418599000,146],[1419419123000,146],[1419419133000,40],[1419419895000,52],[1419419913000,40],[1419420003000,55],[1419420911000,55],[1419420921000,170],[1419420969000,158],[1419421067000,158],[1419421077000,237],[1419421089000,225],[1419421101000,213],[1419421107000,235],[1419421149000,220],[1419421371000,235],[1419421377000,249],[1419421383000,235],[1419421395000,256],[1419421401000,240],[1419421419000,228],[1419421431000,244],[1419421437000,230],[1419421569000,242],[1419421581000,225],[1419421611000,237],[1419421623000,256],[1419421629000,235],[1419421659000,254],[1419421665000,228],[1419421683000,249],[1419421689000,228],[1419421707000,242],[1419421719000,228],[1419421731000,249],[1419421737000,225],[1419421863000,237],[1419421917000,225],[1419421923000,153],[1419421935000,180],[1419421947000,211],[1419421953000,165],[1419422037000,182],[1419422043000,156],[1419422091000,180],[1419422097000,165],[1419422151000,182],[1419422157000,165],[1419422213000,165],[1419422223000,194],[1419422241000,242],[1419422259000,201],[1419422271000,230],[1419422283000,168],[1419422289000,156],[1419422295000,180],[1419422301000,151],[1419422343000,172],[1419422349000,151],[1419422535000,165],[1419422547000,184],[1419422553000,151],[1419422578000,165],[1419422619000,151],[1419422643000,163],[1419422715000,143],[1419422727000,165],[1419422739000,206],[1419422745000,182],[1419422757000,158],[1419422769000,175],[1419422793000,206],[1419422811000,225],[1419422823000,206],[1419422829000,232],[1419422835000,203],[1419422847000,225],[1419422853000,194],[1419422859000,211],[1419422871000,232],[1419422883000,216],[1419422889000,199],[1419422913000,187],[1419422925000,203],[1419422937000,175],[1419422949000,192],[1419422967000,213],[1419422973000,225],[1419422991000,208],[1419422997000,223],[1419423003000,201],[1419423027000,228],[1419423039000,172],[1419423057000,208],[1419423106000,182],[1419423117000,196],[1419423123000,232],[1419423129000,220],[1419423141000,201],[1419423159000,220],[1419423165000,177],[1419423171000,208],[1419423183000,184],[1419423190000,199],[1419423219000,175],[1419423225000,199],[1419423249000,180],[1419423261000,201],[1419423274000,182],[1419423292000,196],[1419423298000,177],[1419423309000,127],[1419423315000,180],[1419423358000,225],[1419423370000,172],[1419423381000,184],[1419423393000,172],[1419423399000,199],[1419423411000,160],[1419423460000,175],[1419423483000,156],[1419423540000,156],[1419423550000,180],[1419423556000,168],[1419423573000,151],[1419423579000,170],[1419423597000,158],[1419423609000,172],[1419423640000,146],[1419423675000,168],[1419423718000,364],[1419423730000,383],[1419423736000,400],[1419423765000,386],[1419423880000,367],[1419423988000,379],[1419424012000,367],[1419424336000,355],[1419424444000,367],[1419424486000,379],[1419424536000,379],[1419424546000,275],[1419424552000,263],[1419424563000,278],[1419424732000,263],[1419424738000,280],[1419424743000,223],[1419424774000,203],[1419424780000,228],[1419424824000,228],[1419424834000,203],[1419424840000,220],[1419424900000,208],[1419424906000,223],[1419424936000,211],[1419424948000,228],[1419425038000,211],[1419425050000,225],[1419425062000,201],[1419425068000,218],[1419425074000,199],[1419425086000,223],[1419425092000,206],[1419425104000,230],[1419425110000,218],[1419425140000,206],[1419425152000,223],[1419425176000,196],[1419425212000,228],[1419425254000,216],[1419425302000,228],[1419425344000,203],[1419425350000,228],[1419425406000,228],[1419425416000,206],[1419425422000,218],[1419425452000,230],[1419425482000,216],[1419425512000,196],[1419425602000,211],[1419426202000,199],[1419426226000,182],[1419426232000,201],[1419426250000,213],[1419426256000,201],[1419426412000,213],[1419426456000,213],[1419426466000,1702],[1419426472000,292],[1419426502000,280],[1419426658000,268],[1419427174000,254],[1419427210000,268],[1419427222000,256],[1419427500000,256],[1419427510000,192],[1419428382000,192],[1419428392000,1588],[1419428404000,1599],[1419428416000,206],[1419428428000,192],[1419428434000,1680],[1419428458000,199],[1419428476000,1611],[1419428494000,184],[1419428562000,184],[1419428572000,124],[1419428590000,146],[1419428614000,129],[1419428620000,143],[1419428632000,132],[1419428656000,146],[1419428668000,134],[1419428704000,148],[1419428752000,136],[1419428758000,153],[1419428814000,153],[1419428824000,129],[1419428848000,153],[1419428884000,141],[1419428896000,158],[1419428908000,141],[1419428914000,129],[1419428932000,151],[1419428938000,129],[1419429094000,141],[1419429118000,153],[1419429130000,129],[1419429210000,129],[1419429220000,235],[1419429280000,223],[1419429468000,223],[1419429478000,266],[1419429490000,247],[1419429532000,263],[1419429582000,263],[1419429592000,242],[1419429604000,261],[1419429610000,244],[1419429952000,256],[1419429958000,240],[1419429970000,256],[1419429994000,242],[1419430024000,268],[1419430030000,254],[1419430042000,240],[1419430048000,254],[1419430078000,240],[1419430084000,254],[1419430102000,242],[1419430186000,261],[1419430198000,244],[1419430216000,256],[1419430222000,242],[1419430272000,242],[1419430282000,184],[1419430342000,172],[1419430348000,184],[1419430360000,165],[1419430396000,184],[1419430408000,172],[1419430414000,184],[1419430420000,170],[1419430426000,184],[1419430438000,165],[1419430450000,187],[1419430474000,165],[1419430480000,189],[1419430492000,172],[1419430516000,192],[1419430534000,172],[1419430540000,194],[1419430546000,170],[1419430570000,182],[1419430594000,170],[1419430624000,187],[1419430762000,170],[1419430768000,184],[1419430804000,172],[1419430810000,194],[1419430876000,206],[1419430882000,172],[1419430888000,192],[1419430906000,170],[1419430996000,189],[1419431002000,170],[1419431014000,182],[1419431038000,170],[1419431116000,184],[1419431122000,172],[1419431128000,194],[1419431140000,172],[1419431164000,184],[1419431176000,196],[1419431182000,180],[1419431188000,199],[1419431194000,177],[1419431200000,201],[1419431206000,175],[1419431212000,201],