{"consum":2.6044328305556,"pic":2.07996,"data":[[1419289211000,26],[1419289221000,163],[1419289275000,151],[1419290345000,151],[1419290355000,26],[1419291833000,26],[1419291843000,170],[1419291861000,158],[1419292005000,146],[1419292950000,146],[1419292960000,26],[1419294444000,26],[1419294454000,1988],[1419294466000,172],[1419294484000,160],[1419294532000,148],[1419295566000,148],[1419295576000,26],[1419297078000,26],[1419297088000,163],[1419297142000,151],[1419298194000,151],[1419298204000,26],[1419299742000,26],[1419299752000,163],[1419299794000,151],[1419300852000,151],[1419300862000,26],[1419302418000,26],[1419302428000,165],[1419302464000,153],[1419303010000,141],[1419303510000,141],[1419303520000,23],[1419305100000,23],[1419305110000,163],[1419305164000,151],[1419306178000,139],[1419306190000,26],[1419307782000,26],[1419307792000,165],[1419307828000,153],[1419308248000,141],[1419308880000,141],[1419308890000,26],[1419310470000,26],[1419310480000,266],[1419310486000,165],[1419310534000,148],[1419311532000,148],[1419311542000,23],[1419313152000,23],[1419313162000,165],[1419313204000,153],[1419313618000,141],[1419314214000,141],[1419314224000,26],[1419315847000,26],[1419315857000,168],[1419315899000,153],[1419316271000,141],[1419316897000,141],[1419316907000,23],[1419318553000,23],[1419318563000,163],[1419318605000,151],[1419319565000,139],[1419319609000,139],[1419319619000,184],[1419321175000,184],[1419321185000,31],[1419321601000,31],[1419321611000,199],[1419321719000,187],[1419321773000,175],[1419321911000,163],[1419322613000,151],[1419323309000,163],[1419323657000,151],[1419323711000,165],[1419323903000,148],[1419323957000,165],[1419324167000,146],[1419324323000,165],[1419324341000,180],[1419324613000,180],[1419324623000,96],[1419325657000,96],[1419325667000,28],[1419325999000,28],[1419326009000,172],[1419326045000,158],[1419326135000,146],[1419327235000,146],[1419327245000,26],[1419328759000,26],[1419328769000,1508],[1419328781000,170],[1419328811000,156],[1419329021000,143],[1419329875000,143],[1419329885000,23],[1419331447000,23],[1419331457000,165],[1419331505000,153],[1419332003000,141],[1419332533000,141],[1419332543000,26],[1419334147000,26],[1419334157000,160],[1419334229000,148],[1419334963000,148],[1419334973000,220],[1419335095000,220],[1419335105000,271],[1419335117000,244],[1419335123000,228],[1419335129000,240],[1419335135000,252],[1419335141000,240],[1419335147000,254],[1419335153000,232],[1419335159000,220],[1419335203000,220],[1419335213000,146],[1419335273000,158],[1419335291000,141],[1419335321000,168],[1419335327000,143],[1419335345000,192],[1419335351000,168],[1419335357000,146],[1419335363000,170],[1419335387000,153],[1419335471000,141],[1419335483000,184],[1419335489000,143],[1419335507000,165],[1419335513000,151],[1419335519000,189],[1419335525000,163],[1419335567000,203],[1419335579000,175],[1419335591000,194],[1419335603000,175],[1419335633000,163],[1419335639000,151],[1419335651000,180],[1419335663000,141],[1419335675000,196],[1419335681000,156],[1419335693000,141],[1419335711000,43],[1419335717000,31],[1419335723000,45],[1419336125000,33],[1419336167000,45],[1419336185000,33],[1419336227000,72],[1419336234000,108],[1419336818000,108],[1419336828000,213],[1419336834000,230],[1419336852000,211],[1419337910000,211],[1419337920000,110],[1419338286000,98],[1419338298000,115],[1419338310000,103],[1419338562000,115],[1419338586000,103],[1419338868000,120],[1419338880000,105],[1419339144000,117],[1419339156000,105],[1419339192000,117],[1419339234000,105],[1419339518000,105],[1419339528000,220],[1419339606000,208],[1419339672000,196],[1419339678000,213],[1419339906000,199],[1419339924000,211],[1419340146000,199],[1419340170000,213],[1419340212000,201],[1419340458000,213],[1419340566000,201],[1419340614000,213],[1419340626000,115],[1419340638000,96],[1419340650000,108],[1419340704000,120],[1419340746000,105],[1419340830000,122],[1419340860000,110],[1419340938000,96],[1419342162000,81],[1419342168000,93],[1419342224000,93],[1419342234000,216],[1419342282000,203],[1419342306000,192],[1419342450000,206],[1419342480000,1691],[1419342492000,1702],[1419342504000,199],[1419342552000,1759],[1419342558000,1748],[1419342564000,1702],[1419342570000,1691],[1419342576000,1702],[1419342582000,194],[1419342978000,182],[1419342984000,194],[1419343322000,194],[1419343332000,96],[1419343512000,81],[1419343518000,93],[1419344924000,93],[1419344934000,220],[1419344964000,208],[1419345078000,196],[1419345434000,196],[1419345444000,172],[1419345462000,160],[1419345492000,172],[1419345540000,187],[1419345546000,170],[1419345576000,199],[1419345582000,247],[1419345588000,228],[1419345600000,244],[1419345684000,230],[1419345690000,249],[1419345708000,261],[1419345732000,230],[1419345786000,242],[1419345792000,223],[1419345804000,256],[1419345810000,230],[1419345864000,244],[1419345870000,225],[1419345900000,237],[1419345912000,223],[1419345918000,247],[1419345930000,223],[1419345936000,235],[1419345942000,223],[1419345990000,156],[1419346188000,168],[1419346212000,187],[1419346224000,172],[1419346230000,156],[1419346278000,187],[1419346284000,158],[1419346466000,158],[1419346476000,192],[1419346482000,170],[1419346488000,156],[1419346770000,168],[1419346854000,182],[1419346860000,160],[1419346950000,177],[1419346962000,194],[1419347012000,194],[1419347022000,158],[1419347046000,177],[1419347058000,165],[1419347064000,199],[1419347070000,172],[1419347112000,192],[1419347156000,192],[1419347166000,160],[1419347286000,180],[1419347304000,165],[1419347334000,189],[1419347340000,160],[1419347426000,160],[1419347436000,199],[1419347442000,168],[1419347570000,168],[1419347580000,199],[1419347592000,172],[1419347604000,160],[1419347610000,249],[1419347658000,232],[1419347670000,244],[1419347676000,232],[1419347718000,259],[1419347730000,240],[1419347772000,228],[1419347778000,242],[1419347784000,228],[1419347790000,240],[1419347796000,228],[1419348000000,244],[1419348006000,228],[1419348018000,240],[1419348048000,225],[1419348084000,240],[1419348102000,228],[1419348108000,249],[1419348114000,225],[1419348156000,240],[1419348162000,228],[1419348270000,216],[1419348276000,146],[1419348306000,158],[1419348348000,1179],[1419348354000,1159],[1419348360000,1149],[1419348408000,1170],[1419348432000,1149],[1419348462000,1159],[1419348468000,1170],[1419348498000,1144],[1419348528000,1159],[1419348546000,1170],[1419348576000,1144],[1419348666000,1164],[1419348672000,1050],[1419348696000,1039],[1419348720000,2079],[1419348750000,2022],[1419348774000,2011],[1419348780000,2022],[1419348786000,2045],[1419348792000,2068],[1419348816000,2045],[1419348834000,2022],[1419348840000,2034],[1419348846000,2022],[1419348858000,2011],[1419348876000,2022],[1419348926000,2022],[1419348936000,2057],[1419348948000,2079],[1419348972000,2057],[1419348978000,2022],[1419348990000,2011],[1419349008000,48],[1419349086000,31],[1419350312000,31],[1419350322000,160],[1419350382000,146],[1419351380000,146],[1419351390000,31],[1419353042000,31],[1419353052000,163],[1419353088000,151],[1419353460000,139],[1419354086000,139],[1419354096000,31],[1419355760000,31],[1419355770000,168],[1419355806000,151],[1419356148000,139],[1419356798000,139],[1419356808000,31],[1419358485000,31],[1419358495000,165],[1419358531000,151],[1419358908000,139],[1419359523000,139],[1419359533000,31],[1419361209000,31],[1419361219000,160],[1419361267000,148],[1419361969000,136],[1419362241000,136],[1419362251000,31],[1419363939000,31],[1419363949000,160],[1419363991000,148],[1419364681000,136],[1419364971000,136],[1419364981000,31],[1419366675000,31],[1419366685000,163],[1419366733000,148],[1419367477000,136],[1419367701000,136],[1419367711000,31],[1419368827000,45],[1419368949000,45],[1419368959000,79],[1419368965000,108],[1419368983000,93],[1419369079000,105],[1419369411000,105],[1419369421000,206],[1419369463000,194],[1419369619000,182],[1419370449000,182],[1419370459000,98],[1419371557000,115],[1419371569000,103],