{"consum":2.9379344138889,"pic":1.80568,"data":[[1418425392000,141],[1418425616000,141],[1418425626000,33],[1418427272000,33],[1418427282000,165],[1418427330000,153],[1418427594000,141],[1418428388000,141],[1418428398000,31],[1418430074000,31],[1418430084000,165],[1418430120000,153],[1418430408000,141],[1418431184000,141],[1418431194000,31],[1418432882000,31],[1418432892000,163],[1418432940000,151],[1418433552000,139],[1418433998000,139],[1418434008000,31],[1418435726000,31],[1418435736000,168],[1418435766000,153],[1418436018000,141],[1418436630000,156],[1418436824000,156],[1418436834000,40],[1418438558000,40],[1418438568000,168],[1418438610000,156],[1418439132000,143],[1418439662000,143],[1418439672000,36],[1418441408000,36],[1418441418000,170],[1418441454000,158],[1418441646000,146],[1418442506000,146],[1418442516000,36],[1418444258000,36],[1418444268000,165],[1418444323000,151],[1418445121000,139],[1418445357000,139],[1418445367000,31],[1418447133000,31],[1418447143000,165],[1418447173000,153],[1418447383000,141],[1418448219000,141],[1418448229000,31],[1418449989000,31],[1418449999000,208],[1418450005000,165],[1418450041000,153],[1418450221000,141],[1418451081000,141],[1418451091000,28],[1418452881000,28],[1418452891000,168],[1418452915000,156],[1418452981000,143],[1418453955000,143],[1418453965000,28],[1418454025000,40],[1418454145000,28],[1418455749000,28],[1418455759000,170],[1418455795000,156],[1418455873000,143],[1418456829000,143],[1418456839000,28],[1418458225000,45],[1418458321000,33],[1418458635000,33],[1418458645000,165],[1418458681000,153],[1418458855000,141],[1418459703000,141],[1418459713000,28],[1418460871000,45],[1418461255000,31],[1418461515000,31],[1418461525000,163],[1418461573000,151],[1418462317000,139],[1418462589000,139],[1418462599000,26],[1418464407000,26],[1418464417000,163],[1418464459000,151],[1418465239000,139],[1418465481000,139],[1418465491000,26],[1418467300000,26],[1418467310000,163],[1418467364000,151],[1418468096000,139],[1418468368000,139],[1418468378000,26],[1418468594000,38],[1418468618000,26],[1418468654000,67],[1418468660000,203],[1418468666000,158],[1418468678000,139],[1418468684000,177],[1418468690000,211],[1418468696000,180],[1418468702000,199],[1418468720000,156],[1418468744000,206],[1418468750000,153],[1418468756000,192],[1418468780000,177],[1418468786000,165],[1418468792000,146],[1418468816000,158],[1418468822000,180],[1418468828000,151],[1418468834000,170],[1418468840000,153],[1418468852000,141],[1418468870000,158],[1418468876000,170],[1418468888000,151],[1418468900000,177],[1418468906000,141],[1418468950000,141],[1418468960000,194],[1418468966000,170],[1418468972000,151],[1418469014000,165],[1418469020000,189],[1418469026000,165],[1418469038000,151],[1418469068000,177],[1418469074000,146],[1418469148000,146],[1418469158000,177],[1418469164000,146],[1418469214000,146],[1418469224000,172],[1418469230000,160],[1418469236000,143],[1418469260000,160],[1418469278000,172],[1418469284000,156],[1418469314000,143],[1418469320000,184],[1418469332000,156],[1418469338000,177],[1418469344000,160],[1418469356000,203],[1418469362000,146],[1418469368000,158],[1418469374000,141],[1418469380000,168],[1418469386000,141],[1418469392000,156],[1418469410000,175],[1418469416000,189],[1418469422000,165],[1418469434000,180],[1418469440000,199],[1418469446000,146],[1418469452000,163],[1418469458000,187],[1418469464000,206],[1418469470000,148],[1418469476000,194],[1418469482000,163],[1418469488000,180],[1418469494000,158],[1418469544000,158],[1418469554000,182],[1418469560000,163],[1418469566000,177],[1418469572000,156],[1418469596000,136],[1418469602000,158],[1418469608000,143],[1418469614000,170],[1418469620000,206],[1418469626000,170],[1418469638000,182],[1418469644000,194],[1418469668000,208],[1418469674000,177],[1418469680000,189],[1418469686000,208],[1418469704000,180],[1418469710000,218],[1418469716000,192],[1418469734000,206],[1418469746000,218],[1418469752000,206],[1418469758000,194],[1418469770000,180],[1418469782000,196],[1418469794000,211],[1418469800000,196],[1418469806000,225],[1418469812000,151],[1418469818000,192],[1418469824000,203],[1418469830000,165],[1418469836000,201],[1418469848000,184],[1418469896000,206],[1418469908000,158],[1418469914000,184],[1418469926000,151],[1418469944000,172],[1418469950000,148],[1418469956000,160],[1418469980000,148],[1418469992000,187],[1418469998000,158],[1418470004000,192],[1418470016000,151],[1418470046000,182],[1418470052000,170],[1418470064000,158],[1418470106000,194],[1418470112000,160],[1418470130000,146],[1418470178000,165],[1418470184000,148],[1418470190000,252],[1418470196000,271],[1418470208000,249],[1418470220000,237],[1418470358000,225],[1418470400000,259],[1418470412000,247],[1418470424000,230],[1418470436000,254],[1418470466000,232],[1418470736000,247],[1418470748000,225],[1418470760000,237],[1418470838000,225],[1418470862000,240],[1418470904000,256],[1418470910000,225],[1418470940000,247],[1418470952000,228],[1418470994000,244],[1418471000000,230],[1418471006000,244],[1418471012000,228],[1418471060000,244],[1418471072000,225],[1418471152000,225],[1418471162000,247],[1418471168000,228],[1418471174000,244],[1418471248000,244],[1418471258000,182],[1418471264000,302],[1418471338000,302],[1418471348000,278],[1418471360000,256],[1418471366000,290],[1418471384000,273],[1418471396000,285],[1418471438000,273],[1418471992000,273],[1418472002000,323],[1418472014000,280],[1418472026000,304],[1418472032000,280],[1418472068000,292],[1418472074000,273],[1418472142000,273],[1418472152000,307],[1418472158000,280],[1418472194000,297],[1418472200000,273],[1418472218000,295],[1418472224000,309],[1418472230000,275],[1418472260000,302],[1418472272000,283],[1418472422000,300],[1418472428000,278],[1418472434000,304],[1418472446000,275],[1418472512000,290],[1418472530000,307],[1418472536000,285],[1418472584000,273],[1418472602000,285],[1418472608000,273],[1418472668000,254],[1418472680000,285],[1418472698000,273],[1418472778000,273],[1418472788000,326],[1418472794000,340],[1418472800000,292],[1418472806000,278],[1418472830000,148],[1418472842000,175],[1418472848000,148],[1418472854000,163],[1418472902000,184],[1418472908000,172],[1418472920000,146],[1418472944000,165],[1418472968000,153],[1418473004000,170],[1418473010000,156],[1418473052000,168],[1418473058000,156],[1418473076000,180],[1418473088000,158],[1418473124000,180],[1418473136000,151],[1418473148000,199],[1418473154000,170],[1418473160000,189],[1418473178000,156],[1418473184000,218],[1418473196000,148],[1418473214000,172],[1418473226000,158],[1418473244000,357],[1418473250000,326],[1418473256000,297],[1418473262000,278],[1418473370000,266],[1418473418000,252],[1418473544000,266],[1418473550000,254],[1418473568000,266],[1418473574000,247],[1418473592000,266],[1418473604000,242],[1418473646000,271],[1418473652000,247],[1418473856000,235],[1418473952000,247],[1418474030000,235],[1418474048000,254],[1418474060000,287],[1418474066000,266],[1418474072000,240],[1418474132000,256],[1418474144000,232],[1418474192000,259],[1418474198000,237],[1418474210000,256],[1418474222000,242],[1418474252000,256],[1418474258000,242],[1418474356000,242],[1418474366000,263],[1418474372000,252],[1418474384000,235],[1418474456000,249],[1418474462000,237],[1418474566000,237],[1418474576000,955],[1418474582000,1361],[1418474594000,278],[1418474606000,1355],[1418474624000,280],[1418474636000,1391],[1418474648000,287],[1418474666000,1391],[1418474678000,283],[1418474696000,1361],[1418474702000,1331],[1418474708000,278],[1418474726000,1337],[1418474738000,280],[1418474744000,302],[1418474750000,321],[1418474762000,1343],[1418474768000,326],[1418474786000,1331],[1418474792000,1320],[1418474798000,326],[1418474816000,1350],[1418474822000,1331],[1418474828000,287],[1418475050000,275],[1418475062000,290],[1418475080000,278],[1418475110000,263],[1418475128000,252],[1418475134000,240],[1418475140000,252],[1418475152000,292],[1418475164000,230],[1418475176000,211],