{"consum":3.0923228888889,"pic":1.73713,"data":[[1418167262000,146],[1418167272000,26],[1418168558000,26],[1418168568000,170],[1418168604000,156],[1418168904000,143],[1418169902000,143],[1418169912000,26],[1418171372000,26],[1418171382000,163],[1418171430000,151],[1418172596000,151],[1418172606000,23],[1418174132000,23],[1418174142000,180],[1418174160000,165],[1418174184000,153],[1418174808000,141],[1418175302000,141],[1418175312000,26],[1418176898000,26],[1418176908000,168],[1418176938000,156],[1418177160000,143],[1418178038000,143],[1418178048000,26],[1418179664000,26],[1418179674000,163],[1418179728000,148],[1418180786000,148],[1418180796000,26],[1418182466000,26],[1418182476000,168],[1418182506000,153],[1418183106000,141],[1418183570000,141],[1418183580000,26],[1418185269000,26],[1418185279000,168],[1418185309000,153],[1418185735000,141],[1418186355000,141],[1418186365000,26],[1418188071000,26],[1418188081000,168],[1418188117000,156],[1418188303000,143],[1418189169000,143],[1418189179000,26],[1418190909000,26],[1418190919000,163],[1418190973000,151],[1418191933000,139],[1418191995000,139],[1418192005000,26],[1418193753000,26],[1418193763000,163],[1418193805000,151],[1418194789000,139],[1418194837000,23],[1418195287000,38],[1418195689000,55],[1418195725000,72],[1418195743000,86],[1418196577000,100],[1418196583000,86],[1418196607000,201],[1418196655000,187],[1418196891000,187],[1418196901000,158],[1418196907000,143],[1418197051000,156],[1418197111000,143],[1418197683000,143],[1418197693000,26],[1418198425000,38],[1418199447000,38],[1418199457000,165],[1418199505000,151],[1418200381000,139],[1418200539000,139],[1418200549000,26],[1418201185000,38],[1418201197000,23],[1418201247000,23],[1418201257000,57],[1418201301000,57],[1418201311000,31],[1418201389000,48],[1418201407000,60],[1418201419000,105],[1418202327000,105],[1418202337000,216],[1418202349000,228],[1418202373000,206],[1418202523000,192],[1418202601000,203],[1418203401000,203],[1418203411000,100],[1418203767000,100],[1418203777000,79],[1418203789000,98],[1418203795000,76],[1418203801000,93],[1418204155000,79],[1418204173000,91],[1418204767000,105],[1418205139000,86],[1418205145000,100],[1418205213000,100],[1418205223000,216],[1418205272000,201],[1418205745000,189],[1418205782000,175],[1418205788000,192],[1418205862000,192],[1418205872000,228],[1418205890000,196],[1418205914000,182],[1418205919000,194],[1418206201000,208],[1418206238000,194],[1418206285000,103],[1418206316000,91],[1418206340000,103],[1418206396000,103],[1418206406000,55],[1418206538000,40],[1418206549000,52],[1418206702000,52],[1418206712000,31],[1418208094000,31],[1418208104000,165],[1418208134000,153],[1418208236000,141],[1418209156000,141],[1418209166000,31],[1418210962000,31],[1418210972000,163],[1418211014000,151],[1418211302000,139],[1418212024000,139],[1418212034000,31],[1418213806000,31],[1418213816000,67],[1418213852000,220],[1418213894000,206],[1418213918000,218],[1418213936000,252],[1418214742000,252],[1418214752000,1485],[1418214758000,1462],[1418214782000,242],[1418214880000,242],[1418214890000,1565],[1418214896000,242],[1418214902000,165],[1418214908000,120],[1418215484000,134],[1418215514000,120],[1418215588000,120],[1418215598000,1211],[1418215604000,1179],[1418215610000,120],[1418215622000,1205],[1418215628000,1185],[1418215640000,120],[1418215882000,120],[1418215892000,216],[1418216294000,228],[1418216740000,228],[1418216750000,381],[1418216762000,506],[1418216798000,494],[1418216890000,494],[1418216900000,367],[1418217544000,367],[1418217554000,1657],[1418217572000,1668],[1418217578000,1680],[1418217584000,1668],[1418217596000,1657],[1418217608000,1599],[1418217614000,1588],[1418217632000,1611],[1418217638000,1634],[1418217650000,1622],[1418217656000,1611],[1418217662000,1565],[1418217668000,1577],[1418217680000,1565],[1418217686000,1554],[1418217692000,362],[1418217722000,331],[1418217802000,331],[1418217812000,203],[1418217904000,203],[1418217914000,448],[1418217926000,1702],[1418217932000,1680],[1418217962000,446],[1418218066000,446],[1418218076000,1485],[1418218082000,1680],[1418218088000,1691],[1418218094000,1714],[1418218100000,1725],[1418218106000,1680],[1418218112000,1691],[1418218136000,1725],[1418218142000,1737],[1418218148000,1725],[1418218154000,1702],[1418218166000,1691],[1418218172000,1702],[1418218184000,1691],[1418218190000,1680],[1418218202000,1668],[1418218208000,1680],[1418218220000,441],[1418218270000,441],[1418218280000,323],[1418218360000,323],[1418218370000,443],[1418218580000,429],[1418219630000,443],[1418219642000,1403],[1418219648000,600],[1418219666000,587],[1418219828000,575],[1418220682000,575],[1418220692000,458],[1418221000000,458],[1418221010000,494],[1418221448000,477],[1418221546000,477],[1418221556000,237],[1418222536000,237],[1418222546000,407],[1418222564000,393],[1418222780000,381],[1418223584000,395],[1418223710000,383],[1418223986000,403],[1418223992000,388],[1418224306000,388],[1418224316000,367],[1418224642000,367],[1418224652000,331],[1418224694000,283],[1418224700000,187],[1418224748000,175],[1418224918000,175],[1418224928000,309],[1418224940000,177],[1418225140000,177],[1418225150000,31],[1418225548000,31],[1418225558000,247],[1418225564000,220],[1418225570000,201],[1418225654000,189],[1418225726000,177],[1418225804000,165],[1418226308000,153],[1418227778000,141],[1418228453000,141],[1418228463000,26],[1418229941000,26],[1418229951000,163],[1418230011000,151],[1418230893000,139],[1418231105000,139],[1418231115000,26],[1418232773000,26],[1418232783000,163],[1418232825000,151],[1418233773000,139],[1418233859000,139],[1418233869000,23],[1418235587000,23],[1418235597000,160],[1418235657000,148],[1418236643000,148],[1418236653000,26],[1418237415000,38],[1418237643000,50],[1418237655000,38],[1418237841000,50],[1418237991000,38],[1418238137000,38],[1418238147000,62],[1418238189000,76],[1418238195000,132],[1418238201000,112],[1418238207000,55],[1418238213000,74],[1418238237000,62],[1418238267000,76],[1418238273000,96],[1418238333000,83],[1418238345000,105],[1418238395000,105],[1418238405000,218],[1418238447000,206],[1418238629000,206],[1418238639000,175],[1418238645000,192],[1418239457000,192],[1418239467000,100],[1418240109000,86],[1418240115000,100],[1418240139000,88],[1418240145000,100],[1418241045000,88],[1418241051000,103],[1418241197000,103],[1418241207000,213],[1418241249000,201],[1418241903000,187],[1418241909000,203],[1418241915000,182],[1418241921000,196],[1418241927000,184],[1418241933000,199],[1418241951000,182],[1418241957000,199],[1418241963000,177],[1418241981000,201],[1418242215000,189],[1418242221000,175],[1418242227000,192],[1418242245000,175],[1418242251000,201],[1418242257000,98],[1418242263000,112],[1418242269000,891],[1418242275000,1155],[1418242299000,1144],[1418242311000,1164],[1418242317000,1149],[1418242323000,1125],[1418242359000,1104],[1418242365000,110],[1418243031000,122],[1418243265000,110],[1418243939000,110],[1418243949000,216],[1418243991000,203],[1418244015000,187],[1418244021000,201],[1418244105000,189],[1418245043000,189],[1418245053000,110],[1418246025000,129],[1418246031000,115],[1418246331000,100],[1418246669000,100],[1418246679000,314],[1418246685000,211],[1418246721000,192],[1418247201000,180],[1418247773000,180],[1418247783000,98],[1418248608000,98],[1418248618000,50],[1418248630000,33],[1418248743000,45],[1418248798000,33],[1418249472000,33],[1418249482000,163],[1418249548000,148],[1418250558000,148],[1418250568000,26],[1418252292000,26],[1418252302000,165],[1418252338000,153]]}