{"consum":3.5834889,"pic":2.12566,"data":[[1418945054000,33],[1418945064000,160],[1418945112000,148],[1418945880000,136],[1418946140000,136],[1418946150000,33],[1418947760000,33],[1418947770000,165],[1418947806000,151],[1418948130000,139],[1418948828000,139],[1418948838000,33],[1418950484000,33],[1418950494000,160],[1418950548000,146],[1418951546000,146],[1418951556000,36],[1418953196000,36],[1418953206000,165],[1418953230000,153],[1418953362000,141],[1418954246000,141],[1418954256000,33],[1418955932000,33],[1418955942000,163],[1418955984000,151],[1418956200000,139],[1418956976000,139],[1418956986000,33],[1418958668000,33],[1418958678000,163],[1418958732000,146],[1418959712000,146],[1418959722000,33],[1418961422000,33],[1418961432000,158],[1418961468000,146],[1418962442000,146],[1418962452000,48],[1418962458000,192],[1418963996000,192],[1418964006000,52],[1418964398000,52],[1418964408000,244],[1418964426000,199],[1418964546000,187],[1418964606000,175],[1418964714000,163],[1418965440000,151],[1418966359000,163],[1418966395000,146],[1418966412000,180],[1418967096000,168],[1418967321000,168],[1418967331000,67],[1418968683000,67],[1418968693000,196],[1418968723000,182],[1418968867000,170],[1418969835000,170],[1418969845000,67],[1418970115000,55],[1418970121000,40],[1418971365000,40],[1418971375000,163],[1418971417000,151],[1418971699000,139],[1418972439000,139],[1418972449000,38],[1418974035000,38],[1418974045000,160],[1418974093000,148],[1418974567000,136],[1418975067000,136],[1418975077000,38],[1418975965000,52],[1418976577000,67],[1418976669000,67],[1418976679000,172],[1418993780000,228],[1418993828000,141],[1418993918000,153],[1418993936000,141],[1418993960000,168],[1418993966000,151],[1418993984000,172],[1418993990000,151],[1418994026000,139],[1418994038000,153],[1418994080000,141],[1418994134000,156],[1418994146000,141],[1418994152000,170],[1418994158000,153],[1418994200000,165],[1418994206000,177],[1418994224000,153],[1418994260000,196],[1418994272000,141],[1418994290000,172],[1418994296000,160],[1418994308000,143],[1418994344000,158],[1418994368000,143],[1418994398000,168],[1418994410000,192],[1418994416000,153],[1418994428000,168],[1418994434000,141],[1418994446000,160],[1418994458000,141],[1418994506000,175],[1418994512000,151],[1418994596000,163],[1418994602000,213],[1418994608000,194],[1418994614000,156],[1418994656000,170],[1418994662000,158],[1418994674000,177],[1418994686000,153],[1418994734000,194],[1418994740000,158],[1418994800000,146],[1418994812000,172],[1418994824000,148],[1418995066000,148],[1418995076000,192],[1418995082000,177],[1418995088000,105],[1418995106000,93],[1418995112000,108],[1418995118000,96],[1418995136000,108],[1418995208000,96],[1418995220000,108],[1418995238000,96],[1418995312000,96],[1418995322000,141],[1418995328000,170],[1418995486000,170],[1418995496000,259],[1418995544000,247],[1418996090000,235],[1418996306000,220],[1418996312000,235],[1418996614000,235],[1418996624000,151],[1418996708000,168],[1418996714000,151],[1418996726000,168],[1418996738000,151],[1418996864000,168],[1418996876000,153],[1418997028000,153],[1418997038000,91],[1418997050000,115],[1418997056000,136],[1418997068000,160],[1418997080000,139],[1418997212000,151],[1418997230000,139],[1418997352000,139],[1418997362000,196],[1418997374000,146],[1418997422000,184],[1418997428000,168],[1418997434000,143],[1418997446000,182],[1418997452000,143],[1418997488000,156],[1418997512000,141],[1418997554000,153],[1418997596000,141],[1418997602000,153],[1418997614000,203],[1418997620000,158],[1418997650000,141],[1418997776000,160],[1418997782000,146],[1418997800000,163],[1418997806000,143],[1418997824000,189],[1418997830000,143],[1418997910000,143],[1418997920000,180],[1418997926000,156],[1418997944000,143],[1418997968000,156],[1418997998000,143],[1418998046000,163],[1418998052000,143],[1418998112000,160],[1418998118000,143],[1418998162000,143],[1418998172000,182],[1418998184000,247],[1418998214000,232],[1418998232000,261],[1418998244000,242],[1418998268000,259],[1418998274000,237],[1418998286000,249],[1418998298000,237],[1418998310000,249],[1418998430000,230],[1418998472000,242],[1418998538000,223],[1418998556000,242],[1418998658000,230],[1418998676000,249],[1418998682000,237],[1418998718000,261],[1418998724000,230],[1418998778000,242],[1418998814000,230],[1418998912000,230],[1418998922000,252],[1418998928000,232],[1418998952000,249],[1418998958000,237],[1418999036000,249],[1418999042000,237],[1418999246000,225],[1418999264000,237],[1418999270000,153],[1418999300000,213],[1418999312000,163],[1418999336000,151],[1418999354000,163],[1418999372000,187],[1418999378000,165],[1418999390000,153],[1418999438000,168],[1418999486000,153],[1418999504000,165],[1418999510000,182],[1418999516000,163],[1418999528000,203],[1418999534000,163],[1418999594000,151],[1418999618000,163],[1418999624000,184],[1418999630000,163],[1418999660000,187],[1418999666000,151],[1418999678000,184],[1418999684000,170],[1418999690000,184],[1418999696000,165],[1418999750000,182],[1418999756000,237],[1418999762000,163],[1418999768000,203],[1418999774000,175],[1418999780000,156],[1418999846000,168],[1418999864000,153],[1418999888000,165],[1418999906000,203],[1418999912000,182],[1418999918000,163],[1418999942000,182],[1418999948000,160],[1418999984000,175],[1419000002000,163],[1419000050000,177],[1419000062000,156],[1419000112000,156],[1419000122000,180],[1419000164000,163],[1419000170000,180],[1419000176000,163],[1419000212000,187],[1419000218000,168],[1419000242000,203],[1419000248000,170],[1419000254000,158],[1419000314000,172],[1419000326000,158],[1419000362000,170],[1419000422000,158],[1419000470000,189],[1419000476000,172],[1419000506000,160],[1419000586000,160],[1419000596000,187],[1419000608000,168],[1419000620000,203],[1419000626000,160],[1419000650000,172],[1419000698000,156],[1419000734000,168],[1419000776000,187],[1419000782000,170],[1419000806000,182],[1419000818000,170],[1419000824000,158],[1419000842000,172],[1419000854000,158],[1419000866000,172],[1419000872000,160],[1419000890000,180],[1419000896000,158],[1419000902000,249],[1419000920000,261],[1419000932000,249],[1419000968000,237],[1419000992000,263],[1419001022000,237],[1419001126000,237],[1419001136000,263],[1419001142000,237],[1419001364000,252],[1419001370000,237],[1419001406000,254],[1419001412000,235],[1419001538000,247],[1419001586000,230],[1419001604000,249],[1419001610000,230],[1419001634000,242],[1419001652000,228],[1419001664000,247],[1419001676000,235],[1419001762000,235],[1419001772000,256],[1419001778000,240],[1419001814000,228],[1419001922000,242],[1419001946000,230],[1419001964000,156],[1419002000000,168],[1419002030000,151],[1419002054000,163],[1419002104000,163],[1419002114000,218],[1419002120000,151],[1419002188000,151],[1419002198000,172],[1419002204000,153],[1419002332000,153],[1419002342000,180],[1419002360000,192],[1419002372000,165],[1419002408000,177],[1419002414000,165],[1419002456000,187],[1419002462000,170],[1419002474000,203],[1419002486000,168],[1419002570000,156],[1419002576000,199],[1419002588000,168],[1419002630000,180],[1419002648000,156],[1419002654000,182],[1419002666000,160],[1419002678000,180],[1419002684000,163],[1419002690000,182],[1419002696000,158],[1419002708000,175],[1419002714000,160],[1419002726000,175],[1419002744000,189],[1419002750000,177],[1419002756000,192],[1419002762000,170],[1419002812000,170],[1419002822000,192],[1419002840000,165],[1419002858000,203],[1419002864000,168],[1419002876000,180],[1419002882000,168],[1419002888000,192],[1419002894000,160],[1419002930000,196],[1419002942000,160],[1419002984000,184],[1419002990000,201],[1419002996000,175],[1419003002000,163],[1419003080000,177],[1419003098000,163],[1419003128000,196],[1419003134000,184],[1419003140000,213],[1419003152000,172],[1419003164000,192],[1419003176000,160],[1419003200000,175],[1419003230000,163],[1419003266000,182],[1419003284000,216],[1419003290000,192],[1419003296000,163],[1419003338000,177],