{"consum":2.5027404361111,"pic":1.64566,"data":[[1418339626000,141],[1418339636000,33],[1418341162000,33],[1418341172000,165],[1418341196000,151],[1418341478000,139],[1418342368000,139],[1418342378000,33],[1418343952000,33],[1418343962000,163],[1418343998000,151],[1418344262000,139],[1418345140000,139],[1418345150000,36],[1418346772000,36],[1418346782000,163],[1418346818000,148],[1418347454000,136],[1418347948000,136],[1418347958000,187],[1418349496000,187],[1418349506000,40],[1418349862000,40],[1418349872000,290],[1418349878000,242],[1418349884000,218],[1418349890000,203],[1418349938000,192],[1418350028000,180],[1418350094000,168],[1418350316000,156],[1418351228000,143],[1418353042000,143],[1418353052000,33],[1418354428000,33],[1418354438000,163],[1418354480000,148],[1418355212000,136],[1418355688000,136],[1418355698000,33],[1418357273000,33],[1418357283000,165],[1418357312000,151],[1418357709000,139],[1418358425000,139],[1418358435000,33],[1418360057000,33],[1418360067000,163],[1418360109000,148],[1418360553000,136],[1418361173000,136],[1418361183000,33],[1418362841000,33],[1418362851000,170],[1418362869000,158],[1418362911000,143],[1418363927000,143],[1418363937000,33],[1418365625000,33],[1418365635000,168],[1418365665000,156],[1418365713000,143],[1418366711000,143],[1418366721000,38],[1418367405000,57],[1418367417000,43],[1418367423000,64],[1418367465000,88],[1418367471000,108],[1418367567000,93],[1418368029000,105],[1418368065000,117],[1418368077000,96],[1418368151000,96],[1418368161000,69],[1418368167000,48],[1418368415000,48],[1418368425000,170],[1418368461000,156],[1418368719000,143],[1418368779000,156],[1418368983000,141],[1418369525000,141],[1418369535000,33],[1418371229000,33],[1418371239000,160],[1418371281000,148],[1418371881000,136],[1418372333000,136],[1418372343000,33],[1418373371000,33],[1418373381000,60],[1418373437000,60],[1418373447000,38],[1418373687000,57],[1418373705000,108],[1418374055000,108],[1418374065000,213],[1418374089000,199],[1418374275000,187],[1418374523000,187],[1418374533000,153],[1418374539000,141],[1418375159000,141],[1418375169000,33],[1418376869000,33],[1418376879000,160],[1418376927000,148],[1418377527000,136],[1418377968000,136],[1418377978000,33],[1418379720000,33],[1418379730000,163],[1418379772000,148],[1418380438000,136],[1418380806000,136],[1418380816000,33],[1418382552000,33],[1418382562000,158],[1418382610000,146],[1418383644000,146],[1418383654000,33],[1418385408000,33],[1418385418000,165],[1418385448000,153],[1418385496000,141],[1418386488000,141],[1418386498000,33],[1418387418000,33],[1418387428000,67],[1418387434000,40],[1418388246000,40],[1418388256000,158],[1418388310000,146],[1418389344000,146],[1418389354000,33],[1418391102000,33],[1418391112000,160],[1418391154000,148],[1418391748000,136],[1418392194000,136],[1418392204000,33],[1418393952000,33],[1418393962000,163],[1418394004000,151],[1418394208000,139],[1418395044000,139],[1418395054000,33],[1418396704000,52],[1418396710000,67],[1418396802000,67],[1418396812000,177],[1418396818000,199],[1418396854000,170],[1418396898000,170],[1418396908000,196],[1418396944000,184],[1418396962000,196],[1418396980000,182],[1418397694000,196],[1418397790000,184],[1418397936000,184],[1418397946000,88],[1418398438000,74],[1418398444000,88],[1418399482000,100],[1418399488000,88],[1418399676000,88],[1418399686000,201],[1418399741000,189],[1418399896000,177],[1418400775000,177],[1418400785000,81],[1418401649000,100],[1418401747000,100],[1418401757000,163],[1418401769000,187],[1418401775000,175],[1418401939000,175],[1418401949000,1170],[1418401961000,1159],[1418401979000,1174],[1418401985000,172],[1418402533000,172],[1418402543000,275],[1418402579000,261],[1418402831000,249],[1418402849000,237],[1418402855000,249],[1418403149000,235],[1418403155000,247],[1418403401000,232],[1418403479000,244],[1418403587000,232],[1418403731000,244],[1418403767000,160],[1418403839000,148],[1418403959000,160],[1418404121000,172],[1418404567000,172],[1418404577000,141],[1418404601000,170],[1418405221000,170],[1418405231000,1565],[1418405237000,278],[1418405273000,263],[1418405339000,252],[1418405417000,263],[1418405711000,252],[1418406187000,252],[1418406197000,211],[1418406203000,223],[1418406227000,235],[1418406233000,218],[1418406359000,237],[1418406365000,218],[1418406389000,230],[1418406395000,216],[1418406407000,230],[1418406413000,213],[1418406509000,230],[1418406515000,213],[1418406521000,129],[1418406569000,146],[1418406605000,129],[1418406641000,141],[1418406647000,129],[1418406869000,146],[1418406899000,134],[1418406929000,146],[1418406935000,129],[1418406941000,143],[1418406947000,129],[1418406983000,148],[1418407001000,136],[1418407007000,148],[1418407031000,134],[1418407037000,146],[1418407055000,134],[1418407085000,148],[1418407091000,134],[1418407151000,148],[1418407157000,134],[1418407187000,148],[1418407193000,134],[1418407205000,146],[1418407211000,132],[1418407289000,143],[1418407295000,132],[1418407325000,146],[1418407331000,134],[1418407379000,146],[1418407415000,134],[1418407421000,156],[1418407433000,141],[1418407517000,153],[1418407529000,136],[1418407553000,148],[1418407559000,136],[1418407619000,148],[1418407625000,132],[1418407649000,148],[1418407661000,134],[1418407727000,146],[1418407733000,134],[1418407897000,134],[1418407907000,453],[1418407913000,237],[1418407961000,225],[1418408105000,237],[1418408117000,220],[1418408159000,232],[1418408183000,220],[1418408195000,235],[1418408207000,223],[1418408273000,237],[1418408285000,225],[1418408297000,242],[1418408303000,220],[1418408309000,244],[1418408333000,220],[1418408357000,240],[1418408363000,220],[1418408369000,235],[1418408411000,247],[1418408417000,225],[1418408435000,237],[1418408477000,225],[1418408483000,242],[1418408501000,223],[1418408507000,240],[1418408537000,218],[1418408555000,232],[1418408615000,220],[1418408705000,232],[1418408735000,244],[1418408819000,232],[1418408927000,249],[1418408957000,232],[1418408963000,247],[1418408987000,235],[1418409041000,249],[1418409047000,232],[1418409137000,247],[1418409149000,228],[1418409161000,242],[1418409179000,223],[1418409191000,237],[1418409197000,220],[1418409203000,235],[1418409233000,295],[1418409251000,259],[1418409275000,230],[1418409281000,252],[1418409305000,240],[1418409359000,223],[1418409371000,252],[1418409599000,268],[1418409671000,254],[1418409689000,240],[1418410067000,225],[1418410073000,240],[1418410103000,228],[1418410127000,249],[1418410187000,235],[1418410217000,247],[1418410241000,230],[1418410247000,254],[1418410283000,240],[1418410469000,228],[1418410511000,240],[1418410541000,228],[1418410559000,240],[1418410849000,240],[1418410859000,100],[1418410949000,86],[1418410985000,98],[1418411033000,83],[1418411069000,96],[1418411099000,57],[1418411123000,40],[1418411251000,40],[1418411261000,261],[1418411267000,235],[1418411273000,213],[1418411321000,199],[1418411411000,187],[1418411483000,175],[1418411741000,163],[1418412743000,151],[1418413151000,165],[1418413535000,151],[1418413541000,168],[1418413697000,153],[1418413793000,170],[1418413889000,153],[1418413987000,153],[1418413997000,180],[1418414003000,196],[1418414383000,196],[1418414393000,168],[1418414441000,156],[1418414749000,156],[1418414759000,43],[1418416099000,43],[1418416109000,1645],[1418416133000,170],[1418416157000,158],[1418416601000,146],[1418417419000,146],[1418417429000,38],[1418418931000,38],[1418418941000,168],[1418418989000,156],[1418419793000,143],[1418420125000,143],[1418420135000,38],[1418421715000,38],[1418421725000,170],[1418421762000,158],[1418422157000,146],[1418422861000,146],[1418422871000,38],[1418424494000,38],[1418424504000,172],[1418424540000,153]]}